feature,value,0,1,10,11,12,2,3,4,5,6,7,8,9
attn_0_0_outputs,0,10.599699,5.988851,4.349608,2.321217,0.87019557,-0.78005534,-2.6609163,-4.2666492,-4.96335,-5.292246,-7.115304,-6.5208654,-6.0371003
attn_0_0_outputs,1,5.438447,8.998425,5.806851,3.3230243,1.5768032,-0.10301714,-2.0276978,-3.7275262,-4.72299,-5.4066453,-6.887357,-6.8598995,-6.8981404
attn_0_0_outputs,10,3.6960685,6.570507,8.798344,4.9543624,3.10177,0.14333236,-2.1088858,-3.8184412,-5.0080876,-5.9475656,-7.645033,-8.246838,-7.733882
attn_0_0_outputs,11,1.9229354,2.6035347,4.2163677,7.23642,3.859559,1.3600146,-0.83819205,-3.1126235,-3.8658457,-5.132624,-7.113547,-7.4989414,-6.322637
attn_0_0_outputs,12,-0.42429042,0.92772657,0.82222736,2.7451751,5.6407466,2.9502783,0.99976015,-1.1804421,-1.9029633,-2.9361026,-5.7267127,-6.461275,-5.89745
attn_0_0_outputs,2,-3.6205385,-1.6819347,-1.175514,0.29646787,2.0661235,5.565353,2.0963633,-0.18201281,-1.3336935,-2.0370119,-4.460345,-4.728138,-4.306189
attn_0_0_outputs,3,-5.2324376,-3.5858371,-3.7707183,-1.7944919,-0.17052591,1.6600193,5.0958295,1.6396341,0.36722606,-0.7455443,-2.967571,-3.9512818,-4.3790326
attn_0_0_outputs,4,-5.8597684,-5.019133,-4.6127143,-3.2044115,-2.0616202,0.009972135,1.7714343,5.0294886,2.4209595,0.16683555,-2.0042212,-3.1901748,-3.4372852
attn_0_0_outputs,5,-6.77535,-5.8331385,-5.8369513,-4.80746,-3.0282667,-1.5998427,0.47706303,1.6639156,5.4846716,2.6314197,0.82286376,-0.7524717,-0.8259819
attn_0_0_outputs,6,-7.8929563,-8.350834,-7.9531903,-7.210662,-5.3926125,-4.010297,-1.1199528,0.78961927,3.0264847,6.2765584,3.3122847,2.114708,1.2020342
attn_0_0_outputs,7,-9.821849,-8.635838,-8.302101,-6.408287,-5.204241,-3.821294,-1.8529918,-0.24797848,2.8020926,4.322006,7.7598624,4.4853,3.0948665
attn_0_0_outputs,8,-9.658324,-9.290912,-8.694261,-8.298834,-7.031376,-5.850673,-3.3965414,-1.3813558,0.91204387,2.9936626,5.807861,11.062277,9.909688
attn_0_0_outputs,9,-11.104299,-9.7169285,-9.407344,-8.927872,-7.6472797,-6.58266,-4.4627657,-3.054007,-0.81397146,1.0357864,2.7125528,6.992624,14.331428
attn_0_0_outputs,</s>,-2.7739341,-2.3454618,-1.6873767,-2.2102237,-1.770998,-0.8241576,0.19016689,1.8966163,2.6724932,3.409102,4.3783813,1.95186,-1.9769539
attn_0_0_outputs,<pad>,-0.38174158,-0.37588322,-0.5240097,-0.4663838,-0.1695624,-0.5729105,-0.25960788,0.88659054,0.48532277,0.03671742,0.64684194,0.8569086,0.23588255
attn_0_0_outputs,<s>,0.14829561,0.35158497,-0.14899881,-1.1407644,-0.87238747,-1.1372331,-0.53803027,0.64689136,0.94323087,-0.38030237,1.637438,-1.7702652,0.8538298
attn_0_1_outputs,0,10.217319,4.280942,1.4541975,1.5528655,-0.3018403,0.19608924,-1.6015466,-2.5627348,-2.9142191,-3.9159865,-5.0617986,-5.558962,-6.3787794
attn_0_1_outputs,1,5.808206,8.488288,3.7254963,2.8661306,0.77105427,-0.7362111,-2.0731504,-3.148987,-4.5271535,-4.2805843,-5.701406,-6.583877,-6.863411
attn_0_1_outputs,10,3.801265,4.763869,7.720443,3.2362993,1.8444515,0.33862805,-0.91830945,-1.8809103,-3.3110237,-4.3878913,-5.77713,-6.5555267,-8.659548
attn_0_1_outputs,11,1.75112,2.2159994,4.077537,6.7146144,3.605883,1.1477897,-0.6295895,-2.8892643,-3.513697,-4.2404337,-6.20837,-6.685875,-7.185021
attn_0_1_outputs,12,-1.6231625,-1.3785722,0.7800159,1.9587555,4.509808,2.3478918,1.178867,0.054450568,-0.8084883,-1.4269992,-3.4394872,-4.383864,-6.846831
attn_0_1_outputs,2,-1.5992662,-2.3209243,0.72384965,1.6225495,1.8464751,5.2254105,2.2861888,0.918547,-0.787086,-2.633665,-4.205884,-5.3585715,-7.0748577
attn_0_1_outputs,3,-1.3994199,-1.1948172,-0.7377468,-0.56268936,0.71766645,1.1227056,4.5072637,0.8996513,-0.33769485,-1.6887792,-3.1382442,-4.6039267,-4.6943917
attn_0_1_outputs,4,-2.8518457,-2.8595834,-2.2097025,-2.8861609,-1.2648768,0.25717676,1.5998777,5.010745,0.8373391,0.25793618,-2.263543,-3.2676656,-5.289807
attn_0_1_outputs,5,-3.8905437,-3.6485898,-3.3375788,-1.5792319,-1.4169321,-1.1662683,0.83112144,0.98588544,4.307862,2.1664956,-0.9221046,-1.5923413,-3.8818526
attn_0_1_outputs,6,-4.249742,-4.1840734,-3.5931597,-4.2762485,-2.4977784,-1.759451,-1.3381569,0.48580873,2.3876104,5.391895,1.8868594,0.38335904,-2.1698015
attn_0_1_outputs,7,-4.3183627,-5.0360975,-3.9053075,-3.8854065,-2.3911374,-2.6780677,-1.1784247,0.8983855,1.021264,2.2576127,5.8734784,2.729657,-0.40722978
attn_0_1_outputs,8,-4.91715,-5.090766,-4.9394474,-5.154258,-3.2678711,-2.7538788,-1.8665112,-0.6149312,0.9715953,2.6102042,3.3596385,7.827954,4.316385
attn_0_1_outputs,9,-4.7895613,-5.6979713,-5.1487594,-5.400628,-4.3296323,-4.7023296,-3.1003888,-1.4940444,0.16897629,1.0488782,2.6291242,4.2352276,11.016547
attn_0_1_outputs,</s>,-12.355852,-7.4701705,-7.0587554,-4.5628924,-3.938449,-2.8447978,-2.2865174,-1.8891776,0.35123017,1.6517793,3.6156774,6.5641446,12.003561
attn_0_1_outputs,<pad>,-0.25074613,0.16328163,-0.72075,-0.5627302,-0.33322614,-0.22381194,0.08524255,0.28069237,0.14319585,-0.10243423,0.7372911,0.9496222,1.3099927
attn_0_1_outputs,<s>,-0.97814465,-0.42739347,-0.26681098,0.2103437,-0.0018867665,-0.1195224,0.27300966,-0.44966984,0.11511917,0.052641165,-0.14613949,0.21101145,0.8491142
attn_0_2_outputs,0,8.654567,4.8534794,4.2881465,1.2162368,0.8113372,-1.0253652,-0.69256556,-2.072576,-3.3650508,-3.7153502,-5.1994615,-6.2857537,-6.366124
attn_0_2_outputs,1,7.148722,7.277181,5.9208775,3.1295252,0.9483792,-0.2640809,-1.6999625,-3.918105,-4.4846573,-6.083767,-6.934745,-8.1234865,-8.157508
attn_0_2_outputs,10,4.433027,4.72054,6.2203784,5.0559087,2.3147662,0.7335402,-0.85959566,-2.6190777,-3.9290993,-4.3669963,-5.884604,-7.115807,-7.6661053
attn_0_2_outputs,11,2.1599524,2.7885597,3.8471372,5.7304873,2.6613252,1.1419296,-0.16451451,-1.2013752,-3.047139,-4.3232822,-5.9369845,-6.807056,-6.7669306
attn_0_2_outputs,12,-1.3665168,-1.4346324,0.64160824,2.2040584,4.3336544,2.841752,1.5368905,-0.11257832,-1.2315867,-2.7842684,-3.9307709,-4.8751326,-5.220119
attn_0_2_outputs,2,-0.677719,-0.8419815,-1.1830816,-0.06704044,2.3783119,4.15361,2.4470332,0.39505357,-1.0182605,-1.8015167,-3.4962072,-4.1279078,-4.660854
attn_0_2_outputs,3,-1.4405388,-1.7570708,-1.6454543,-0.27554047,0.4341319,2.1693227,3.3546424,1.2465153,-0.69626355,-1.7254442,-3.1096628,-3.914849,-4.062417
attn_0_2_outputs,4,-2.3865614,-2.6576962,-2.114263,-0.7290693,-0.15233542,-0.028685298,1.2671108,2.9050825,1.7515209,-0.1348403,-1.4987917,-3.468611,-2.978667
attn_0_2_outputs,5,-3.2736523,-3.511869,-3.0848355,-3.7693546,-2.0565064,-1.0719316,-0.64113057,2.2607422,3.8089013,1.7121074,1.1704282,-1.0193684,-1.4462358
attn_0_2_outputs,6,-3.9796853,-3.6938124,-3.9117036,-2.4584296,-2.7562237,-2.0713308,-0.17179647,1.4558004,2.7136865,3.9731429,1.98127,0.19840913,0.31088573
attn_0_2_outputs,7,-4.0824695,-4.6344867,-3.8640606,-3.8437853,-3.4097428,-2.3629217,-1.4738755,-0.14405203,1.8337864,3.4856358,4.696025,2.5125554,2.9124677
attn_0_2_outputs,8,-5.040163,-5.35401,-4.59376,-3.9777224,-4.11296,-3.6769772,-2.2625806,-0.2784144,0.9963106,2.431515,4.7119975,6.27152,5.3156805
attn_0_2_outputs,9,-5.713023,-6.129481,-5.295304,-5.106355,-4.424249,-3.079094,-2.640996,-1.3769958,-0.16107965,2.1030946,2.9496062,5.4200215,7.8428774
attn_0_2_outputs,</s>,-10.825789,-6.379857,-6.6437,-5.389249,-3.778652,-2.8039958,-1.5208745,-0.21706708,1.1586103,3.2089515,4.225112,6.5792627,8.998384
attn_0_2_outputs,<pad>,-0.39937896,-0.30922243,-0.63554835,-0.29444897,-0.10357076,0.2878807,0.012376886,-0.027160587,0.22778265,0.33972728,0.18486305,0.88821423,-0.12796144
attn_0_2_outputs,<s>,-0.46316838,-0.4246373,-0.44453773,-0.22624019,-0.34763262,-0.45706755,-0.03424367,-0.08887254,0.054142088,0.057272818,0.01156342,0.254576,0.6182419
attn_0_3_outputs,0,3.8200045,5.880949,2.9505494,-0.53257954,0.58969957,-1.7441285,-2.2528527,-2.4928744,-4.639151,-3.315291,-2.2559993,-3.5917487,-3.566395
attn_0_3_outputs,1,-1.1490793,2.100478,3.03321,2.6131482,2.41838,1.3607726,-0.27683476,-1.3411732,-4.0009913,-2.5433228,-3.0214987,-2.163272,-6.000745
attn_0_3_outputs,10,0.5838094,0.268277,0.6114849,0.67209274,0.797423,0.41080347,0.467205,0.12974207,-0.09294061,-0.23858295,-0.5224126,-0.89806265,-1.388367
attn_0_3_outputs,11,2.9009967,2.0710177,2.5053957,3.8115442,-4.3323717,-2.4410892,-0.98148197,-0.8696111,-1.48551,-1.0201954,-1.1271362,-2.0039537,-1.9386853
attn_0_3_outputs,12,0.4192146,-0.05384175,0.037544053,0.6095967,0.41899914,0.6497577,0.10746503,0.4143653,-0.14816299,0.46409932,0.13801269,-0.33714816,-0.6526623
attn_0_3_outputs,2,-0.1013829,-0.20043366,-0.16415,0.019220749,0.037455034,0.48539257,0.40231878,0.60398376,-0.116480306,0.35178754,-0.05520415,-0.34468946,-0.5472551
attn_0_3_outputs,3,-0.08269503,-0.39301032,-0.3697382,-0.3349656,-0.049425714,0.10110547,0.35716355,0.37659398,0.0479838,0.21933648,0.039959844,-0.16812597,-0.50030684
attn_0_3_outputs,4,-0.5447949,-0.5857669,-0.6525382,-0.07021734,-0.1602742,0.017804667,0.13955851,0.2997743,0.04097684,0.27671838,0.32513586,-0.21600696,-0.34877384
attn_0_3_outputs,5,-3.4551005,-7.219894,-5.9007583,-4.966023,-2.7646284,-1.5770901,-0.76683044,-0.3156542,4.491521,1.9616574,1.6437422,2.0198328,-1.3627114
attn_0_3_outputs,6,-1.8103845,-1.4885665,-1.0237614,-0.4060747,-0.046523746,-0.26003674,0.10838725,0.3399839,0.20430914,0.81380194,0.58557063,0.4412838,0.16857184
attn_0_3_outputs,7,-1.5230451,-1.5499185,-1.1810756,-0.6525925,-0.7059839,-0.34043318,-0.041567806,0.035949275,-0.052775253,0.3933773,0.78500825,0.72232443,0.22152184
attn_0_3_outputs,8,-2.7502081,-2.8977494,-2.267645,-1.4044116,-0.7003048,-0.21360062,-0.026956368,-0.20126744,0.048509385,1.0191365,1.2675933,1.2993871,1.5236421
attn_0_3_outputs,9,-3.4859028,-3.5357862,-2.8621848,-1.9001356,-1.5184908,-0.94129467,-0.74678755,-1.0381354,-1.3076367,-0.6637363,-0.5118139,-1.3404454,5.541173
attn_0_3_outputs,</s>,-0.6014035,-0.8913184,-0.51096165,-0.29572728,-0.11588562,0.044965,0.053867318,0.07244565,0.30451408,0.4573457,0.64639604,0.21362525,0.17112352
attn_0_3_outputs,<pad>,-0.97150886,-0.6498376,-0.8177262,-0.16519251,-0.20187855,0.6022822,-0.24545553,0.36797056,0.008383745,-0.041784503,0.51646656,1.029451,0.64614576
attn_0_3_outputs,<s>,-1.5298051,-1.8359288,-1.1151068,-0.24731095,0.8782528,0.82843405,0.90122974,0.71664107,-1.272204,0.7786931,0.97688663,1.4815738,-1.8579639
attn_0_4_outputs,0,8.765593,6.3441725,3.3128934,2.2365649,-0.0722178,-1.2889259,-2.1120234,-3.217305,-4.034941,-5.0642066,-6.0850134,-6.7289553,-5.792539
attn_0_4_outputs,1,5.0148406,6.96938,4.6093044,2.948354,1.9808773,0.54224926,-0.7503593,-1.7005155,-3.3618846,-4.195643,-5.7431827,-6.345129,-6.073068
attn_0_4_outputs,10,2.5685122,3.9859827,5.8459635,3.8122125,2.028813,0.9843227,-0.40193102,-2.2203908,-2.9459147,-3.7846909,-4.995044,-6.683844,-5.919269
attn_0_4_outputs,11,0.6832785,2.6154401,3.3518019,5.7210917,2.4894638,1.2550061,-0.37046036,-1.8101127,-2.5994842,-3.073937,-4.974467,-6.628578,-5.3069
attn_0_4_outputs,12,0.8087674,1.0615511,2.102875,2.8696659,4.1965756,2.4016223,0.9167064,-0.8209991,-1.9362133,-3.0689406,-4.038947,-5.4776206,-4.5825663
attn_0_4_outputs,2,-1.3285627,-0.46985912,0.12855783,0.27798793,1.7558427,4.184902,1.4038445,-0.1939596,-1.0565132,-2.0507274,-2.914462,-4.781684,-4.645368
attn_0_4_outputs,3,-1.737584,-1.3252997,-0.7101126,-0.9358492,-0.6771271,1.1238568,3.633523,1.1104467,0.6583678,-0.96697104,-1.8329335,-3.7313948,-3.7564206
attn_0_4_outputs,4,-4.938925,-4.039485,-3.7202404,-2.4239478,-1.2156935,-0.3931582,1.4148864,4.3449035,1.4282904,0.7695325,-0.90250725,-2.3136642,-2.2069747
attn_0_4_outputs,5,-5.366435,-4.876925,-4.327698,-3.6379955,-2.9000695,-1.8913705,0.16147359,1.2148982,4.601959,2.52629,0.8952162,-0.48875612,-1.1817309
attn_0_4_outputs,6,-6.355285,-6.015283,-5.306534,-4.1327143,-3.4199426,-2.434542,-1.0260339,-0.13786139,1.9084927,4.895624,2.7317522,0.804415,1.8677402
attn_0_4_outputs,7,-7.3739414,-6.5672116,-5.744402,-5.6072016,-4.616997,-3.5233831,-1.7496825,-0.51805437,1.2839264,3.2326617,6.939828,3.9811478,2.9196715
attn_0_4_outputs,8,-8.005997,-6.683481,-6.6103473,-5.51305,-4.7363944,-4.2340565,-2.7413716,-1.626391,-0.27508712,1.9525715,4.063371,7.9157534,7.063188
attn_0_4_outputs,9,-7.639422,-8.047771,-7.325284,-6.4271092,-5.505944,-4.8120503,-3.3974338,-2.1459985,-0.9579269,0.7950573,2.6292872,4.7715955,10.949452
attn_0_4_outputs,</s>,-1.0344373,-1.0165064,-1.3325225,-0.9206534,-1.0782619,-0.050668396,-0.43997902,0.1396201,0.011375891,2.0680704,1.9945649,2.0456161,0.05151594
attn_0_4_outputs,<pad>,-0.38055214,-0.42926562,-0.39840558,-0.52738357,-0.4263569,-0.10283688,0.40022716,-0.073320255,0.39696574,0.22114992,0.38695052,0.30716282,0.34229308
attn_0_4_outputs,<s>,-1.2776185,-0.5186861,-0.33520687,0.046654087,-0.10906055,-0.08288895,0.71620125,0.23306154,0.3437421,0.2650583,0.2464313,-0.35784763,0.4580608
attn_0_5_outputs,0,8.572618,5.464125,4.0537677,2.310592,0.44533557,-0.44318098,-2.1690757,-3.2274506,-3.7633939,-5.114432,-5.552246,-6.0824976,-6.413912
attn_0_5_outputs,1,4.3773685,5.7911835,4.185844,2.0729687,1.2959757,0.39842087,-0.4981361,-1.7207376,-3.0634584,-3.5241766,-4.852982,-5.4441056,-6.223903
attn_0_5_outputs,10,2.5864937,3.7265773,5.4966617,3.1175554,1.472768,0.27204758,-0.70798165,-1.7845398,-2.7045114,-3.7823923,-5.133922,-5.473646,-5.4613023
attn_0_5_outputs,11,1.418982,1.9980526,3.008597,4.623961,2.756399,0.49756804,-0.66975427,-2.1807156,-2.4001188,-3.1947753,-4.7841964,-5.2890816,-4.6286383
attn_0_5_outputs,12,0.23990366,1.0321927,1.7049077,2.3251686,4.027143,2.2331161,0.5302401,-1.0116136,-1.8766587,-2.5864038,-4.6614385,-5.444827,-5.29481
attn_0_5_outputs,2,-0.6409993,0.24686095,0.9844079,0.501351,1.7639222,3.9988165,1.2621754,-0.08599447,-1.327519,-2.576731,-3.8560605,-4.223233,-4.4569883
attn_0_5_outputs,3,-2.5965784,-0.9511581,0.012404364,0.16970028,1.295036,1.6570764,3.585725,0.6048445,0.117849834,-1.3159896,-2.7859075,-3.6659436,-4.784883
attn_0_5_outputs,4,-3.3718069,-2.6768844,-2.4538639,-1.1334318,-0.6646158,0.433992,1.2255188,3.818256,0.9670803,-0.12293282,-1.683063,-2.5783863,-3.420743
attn_0_5_outputs,5,-4.2033734,-2.9761581,-2.5158744,-2.867444,-1.6684355,-0.8553359,0.43260568,0.6596465,4.466385,2.286845,-0.70452785,-1.5668098,-2.4423368
attn_0_5_outputs,6,-4.5854664,-3.792847,-3.193368,-2.3369799,-2.2497404,-1.4526485,-0.41244063,0.07535609,1.898792,4.1784205,1.2985396,0.21941376,-0.7079732
attn_0_5_outputs,7,-5.519423,-4.4499817,-3.4110682,-3.9637456,-2.6424515,-2.3908577,-1.0397948,0.17968334,0.91416246,2.693292,5.926907,3.4203172,0.71039087
attn_0_5_outputs,8,-5.0142612,-4.42337,-3.5934057,-2.6670446,-2.213696,-2.61526,-1.4284586,-0.90889204,-0.020596702,1.7948592,2.4267092,5.83584,3.6030345
attn_0_5_outputs,9,-6.8660073,-5.4772897,-4.6696115,-3.8411624,-3.2168458,-2.756555,-1.9913015,-0.9615859,-0.15286884,1.2155609,1.6637067,3.2637494,9.710723
attn_0_5_outputs,</s>,-1.5087917,-1.5504427,-1.595221,-1.856181,-0.8643112,-0.75353765,-0.71566206,-0.35885653,0.41853526,0.7782152,1.5985813,2.4449754,3.937039
attn_0_5_outputs,<pad>,-0.5642694,-0.25997356,-0.8502742,-0.8806232,-0.3289614,0.22872062,-0.34560344,0.18610086,-0.08151861,-0.046494905,0.64042634,0.9795051,0.13617094
attn_0_5_outputs,<s>,-5.0300083,-3.9142191,-4.9109807,-4.112565,-3.374294,-2.3616796,-1.2405541,0.74321187,2.2658517,3.838274,5.379691,4.815817,5.676097
attn_0_6_outputs,0,4.2670097,2.9293883,0.8393898,0.77356875,0.70864177,0.4104339,0.14609055,-0.37485462,-1.2400547,-1.7659572,-2.8380947,-4.259038,-3.9172313
attn_0_6_outputs,1,5.014805,4.7492824,3.3037395,2.3579905,2.2578263,0.47507393,-0.48374838,-0.99543107,-2.6496778,-3.7585192,-5.0400214,-5.5257697,-6.213564
attn_0_6_outputs,10,2.0385149,3.2737205,4.123322,3.0347452,2.1334674,0.926644,-0.22308995,-1.5402178,-2.1663816,-2.8967896,-3.8084314,-4.3791537,-4.833388
attn_0_6_outputs,11,1.3694977,2.3866131,3.2688901,2.5723963,2.3073075,1.3429463,0.1243443,-0.79952544,-2.2065454,-2.4714975,-2.9918172,-4.15161,-4.0100837
attn_0_6_outputs,12,2.0395,1.946521,2.6054385,2.6832068,2.2831504,1.1611555,0.017193006,-0.83866936,-1.5063065,-2.2687018,-2.9223337,-4.257402,-3.413798
attn_0_6_outputs,2,0.63968766,0.8790858,2.187626,1.8201967,2.2409017,1.5018839,0.7126451,-0.32353318,-0.61493,-1.2356441,-2.1047716,-3.8300922,-3.7220378
attn_0_6_outputs,3,-0.51644415,-0.5062598,0.42147934,0.6034899,1.0895675,0.7987595,1.0862222,0.9315088,0.30393103,-0.44445395,-1.190508,-1.8486285,-2.4046195
attn_0_6_outputs,4,-1.5187894,-0.17664568,1.3884343,0.16659777,0.16493294,0.14700064,0.92490757,0.7070233,0.4077667,-0.3370922,-1.3551272,-1.7891709,-0.929617
attn_0_6_outputs,5,1.0137843,-1.6612325,-0.07957401,-0.15205844,0.22565663,0.48780727,0.9817116,0.6953258,0.58863795,0.21331342,0.05693598,-0.94510335,-1.4581555
attn_0_6_outputs,6,-2.7973294,-2.0482528,-0.49099562,-0.6021899,0.04165432,0.064504854,0.6880206,0.8241822,0.7467036,0.9937639,0.37647924,-1.0093827,-0.6015215
attn_0_6_outputs,7,-2.8030632,-3.0991824,-2.1002738,0.10288873,-0.29811546,-0.1821212,0.7316839,0.18467906,0.81084013,0.8555417,0.58090585,0.6015833,0.1353637
attn_0_6_outputs,8,-2.6939738,-2.550882,-1.3841031,-0.5993574,-0.6359744,-0.15487558,0.4923536,0.75176907,1.141241,1.1767426,1.1565634,0.8510498,0.2561121
attn_0_6_outputs,9,-3.0251496,-0.7104701,-1.631225,-2.095329,-0.97856724,-0.88547564,0.22301316,0.10613264,0.5091337,0.76268524,1.0346761,1.3196712,1.4067051
attn_0_6_outputs,</s>,-5.900053,-1.3075881,-2.422692,-2.2625701,-1.813967,-1.3986459,-0.92367244,-0.515125,0.75941086,1.5972615,1.8599201,3.6341732,4.6459846
attn_0_6_outputs,<pad>,-0.3831393,-0.85363555,-0.7358936,-0.19635874,-0.48728123,-0.115043685,-0.4363325,-0.3140242,0.18399222,-0.21166489,1.425885,0.43128186,0.7500537
attn_0_6_outputs,<s>,-8.439013,-14.006219,-11.467779,-11.418517,-8.809622,-5.8202367,-2.4347692,2.485295,4.6155014,7.0341654,8.444733,11.357262,12.694105
attn_0_7_outputs,0,5.5559497,0.51769185,0.8135184,0.01094239,-0.6547103,-1.04881,-1.157102,-1.1329474,-1.1887019,-0.9954651,-2.5077248,-1.6312069,-1.3183141
attn_0_7_outputs,1,0.179312,2.5063567,1.1134545,0.3021302,0.17081271,-0.4069921,-0.38784188,-0.44689277,-0.6873948,-0.41523752,-0.08076624,-1.7518328,-1.8479337
attn_0_7_outputs,10,0.73834294,0.95617,1.3727312,0.6446515,0.78600675,0.16125932,0.2735606,0.15301377,-0.13592254,-0.3699175,-0.83611107,-1.4122001,-1.2371848
attn_0_7_outputs,11,-0.498386,-0.046206925,0.23975086,0.49743432,0.40832335,0.34015217,0.57281023,0.6441717,0.35361716,0.38500795,0.027759299,-0.8724257,-0.92083895
attn_0_7_outputs,12,-0.6302621,-1.2007735,-0.5020894,0.30906248,0.7520434,0.67449975,0.59132713,0.41205606,0.28330758,0.5700014,-0.32275078,-0.19724984,-0.5056699
attn_0_7_outputs,2,0.05116153,0.84647167,0.33703378,0.3472861,0.41100326,0.61320454,0.61085117,0.16087788,0.15035143,0.036820743,-0.68422776,-1.0636452,-1.1317863
attn_0_7_outputs,3,0.0042101494,0.26170534,0.19513978,0.19034708,-0.08078813,0.22128196,0.87595725,0.5129429,0.33836842,0.26943922,-0.7782259,-0.5994748,-0.5890362
attn_0_7_outputs,4,-2.153672,-0.7093862,-0.98721004,-0.6183617,-0.04905774,0.39606377,0.48557895,0.77409947,0.8586186,0.79184693,0.37078398,-0.06455122,-0.29191753
attn_0_7_outputs,5,-0.65410566,0.14902847,-0.35747096,0.026046582,-0.060614385,-0.14745346,0.115260035,0.15797363,0.7262846,0.40806106,-0.58337516,-0.15081726,-0.20957737
attn_0_7_outputs,6,0.046908278,0.052138947,0.21587554,0.4011109,0.50231904,0.35820183,0.36740515,0.122572795,0.33117577,-0.12203763,-1.2424088,-0.68318176,-0.60878235
attn_0_7_outputs,7,-10.2889595,-5.64225,-4.128869,-3.6562371,-3.2272441,-2.6153724,-1.8868598,-1.6410378,0.3161608,1.892288,5.167034,2.8729162,3.729346
attn_0_7_outputs,8,-3.2032418,-1.1544473,-0.8380257,-1.1124756,-1.0436814,-0.9850766,-0.6785184,-0.19288084,0.034903616,-0.068298295,-1.1136593,2.0942473,2.6393003
attn_0_7_outputs,9,-3.91067,-2.2346423,-1.4604328,-1.8176575,-1.0071759,-1.2600054,-1.0357281,-0.84365726,-0.30835688,-0.08264024,0.63250357,1.4417951,1.8847977
attn_0_7_outputs,</s>,-0.92747355,-0.78153336,-0.15625234,-0.31394702,-0.2693205,-0.18596287,-0.05922417,0.09171034,0.30556518,0.42244887,-0.062144175,0.47309613,0.3747064
attn_0_7_outputs,<pad>,-0.33172414,-0.3642276,-0.5409132,-0.45965657,0.20232128,-0.29898486,-0.47091293,0.3857022,0.056292124,-0.17994833,0.2869849,0.5210724,0.18532687
attn_0_7_outputs,<s>,-5.4905005,1.0512317,1.0788358,0.8703887,0.7999268,0.47077397,0.64075947,0.7356046,0.57379776,0.55310696,-1.5079538,-1.0518649,-0.53051454
attn_1_0_outputs,0,4.29531,1.7237653,2.4374764,2.3920043,1.0997967,0.8587478,-0.25314492,-1.2204778,-2.24598,-2.7469,-3.1103508,-3.165722,-4.30909
attn_1_0_outputs,1,4.501108,4.726626,2.8228,1.8081462,0.6119214,0.7685776,-0.80948454,-2.1881537,-2.3730903,-2.8710997,-3.912385,-4.277434,-4.4442916
attn_1_0_outputs,10,3.7644837,2.5485203,4.011245,2.3452148,1.1001705,0.44237733,-1.0911381,-1.9585778,-1.7622463,-2.6184006,-3.324557,-3.6229,-3.4381196
attn_1_0_outputs,11,2.4436455,2.293336,2.360443,3.4717853,2.1369233,1.2404871,-0.45147184,-1.4937344,-2.1356127,-2.8714957,-3.3576586,-3.57139,-4.0527673
attn_1_0_outputs,12,1.4912009,1.3387923,1.4737738,2.102707,2.6907568,1.6744374,-0.009719754,-0.91878223,-1.5411702,-2.1881073,-2.414131,-2.738325,-3.0990784
attn_1_0_outputs,2,1.7531466,0.8651872,-0.14137198,0.4308481,1.0418118,2.8664145,0.689864,-0.44207534,-0.86609703,-1.5647768,-2.3065789,-2.8175995,-2.375388
attn_1_0_outputs,3,-2.0042992,-0.9301598,-1.9741933,-1.3875867,-1.1863873,0.3147602,2.1731255,1.0651526,0.8513385,0.48113024,-0.21549465,-0.41045472,0.12488894
attn_1_0_outputs,4,-2.1741972,-1.1414214,-1.8322544,-1.2669194,-0.3508062,0.038528685,1.421247,2.83897,1.3833492,-0.055608008,-1.0372919,-2.1247058,-1.8479884
attn_1_0_outputs,5,-2.8307762,-2.7362418,-1.8367623,-1.6767278,-1.052689,-0.65143365,-0.0013843102,1.0771106,2.1656694,0.7387107,0.6734346,-0.4536116,-0.34770364
attn_1_0_outputs,6,-3.5190718,-1.9669166,-2.3543425,-3.0274572,-2.2345684,-1.3900156,-0.8079895,0.69321233,1.6412194,2.557126,1.5937217,0.7452042,0.2644074
attn_1_0_outputs,7,-4.3440723,-2.2181942,-1.7404177,-3.1612988,-2.9390247,-2.2654135,-0.88155717,-0.04816048,1.0792468,1.6755965,3.228055,2.310421,1.3936384
attn_1_0_outputs,8,-3.8565598,-3.32161,-2.610528,-2.997587,-2.7410347,-2.292338,-1.465424,-0.96906203,0.27645645,1.365873,2.631438,4.2485466,2.706848
attn_1_0_outputs,9,-5.2399745,-4.2518964,-3.8407612,-4.209485,-3.4528785,-2.7077072,-1.6561965,-0.49863082,0.28724575,1.2616717,1.9698906,3.5032666,6.4893346
attn_1_0_outputs,</s>,-0.9841169,-1.2523643,-0.70515454,-1.2440761,-0.87013096,-0.8958149,-0.04807074,0.23958081,0.77666646,1.4419693,1.7420851,0.9609067,-1.4989866
attn_1_0_outputs,<pad>,-0.90757966,-0.37879086,-0.62116337,-0.71737576,-0.4949617,-0.56731886,-0.45205835,-0.5124898,0.83648163,0.42983222,1.2420204,0.48778933,0.72419715
attn_1_0_outputs,<s>,-1.1838044,-1.8296067,-1.424165,-1.503527,-1.1045887,-0.9840823,0.09045173,-0.2283141,0.5537759,1.2642713,1.4806939,1.4422182,3.5253887
attn_1_1_outputs,0,8.626163,4.9533587,2.8735776,1.8153981,0.08173821,-0.79099095,-2.0320547,-2.9607491,-3.544614,-4.1286454,-4.6019936,-4.6786065,-4.2577863
attn_1_1_outputs,1,4.94999,6.837269,3.9677737,1.9694494,0.32630342,-0.96687657,-2.1560454,-2.883817,-3.3332152,-3.581232,-3.6321986,-4.167636,-3.91703
attn_1_1_outputs,10,-0.55296904,1.4808244,3.5491562,1.6958462,0.91176564,0.359382,-0.4564399,-1.3424587,-1.978469,-1.7351999,-2.1835818,-1.7939042,-1.6709574
attn_1_1_outputs,11,1.8781371,2.1583884,3.3349383,4.4175224,1.8610834,0.50475067,-0.73726594,-2.1555777,-2.835935,-3.107626,-3.8437855,-4.1501536,-3.8753588
attn_1_1_outputs,12,0.14937308,0.49992582,2.3247352,2.4886348,3.345354,1.6873784,0.55080754,-0.71012336,-2.159165,-2.7760496,-3.5455039,-3.2490468,-2.964513
attn_1_1_outputs,2,-0.5504414,0.20571667,0.5948576,1.1866616,1.8592689,2.564703,0.85288996,-0.62542146,-1.3102919,-2.158553,-2.084783,-2.5113137,-2.0092967
attn_1_1_outputs,3,-1.590087,-1.2607453,-0.6470862,-1.0403626,0.2111022,1.4249433,2.570034,1.113185,0.55873173,-0.4528494,-1.1829369,-2.277068,-2.2970674
attn_1_1_outputs,4,-3.2479126,-3.0243726,-1.9300588,-1.6959221,-0.54508144,-0.021285838,0.9957397,2.158071,0.81733006,0.37041014,-0.064203605,-0.058572896,-0.08457455
attn_1_1_outputs,5,-4.228348,-3.8031716,-2.76571,-2.7445793,-1.6273004,-1.1948999,-0.18882863,1.4940706,3.1739662,2.1359324,0.44440198,0.5156896,0.9340787
attn_1_1_outputs,6,-3.5697803,-2.9106162,-2.0278249,-2.0533173,-1.2544842,-0.46783355,-0.18402267,0.7873795,1.3884591,2.0402477,0.8209695,0.50797033,0.94201404
attn_1_1_outputs,7,-3.8144832,-3.920564,-2.912444,-3.2231252,-2.6775622,-1.8298452,-1.1480305,0.098419316,1.1402076,2.2958128,3.1544864,2.901208,2.7975123
attn_1_1_outputs,8,-4.116183,-3.756854,-3.186151,-2.8208988,-2.3088036,-1.9777553,-1.5987144,-0.4335899,0.7303003,2.0328355,2.3984551,3.3992288,3.473933
attn_1_1_outputs,9,-3.7327967,-3.296001,-2.8553994,-2.6697254,-1.8604589,-1.3229073,-1.1513723,0.040347237,0.41051415,0.6804848,1.443323,1.5472146,3.0933897
attn_1_1_outputs,</s>,-0.18934639,-0.7725279,-0.7661551,-0.6154177,-0.07720326,0.36058423,0.3400395,0.4375658,-0.24759535,0.35079736,0.1412556,-0.09466648,0.37148634
attn_1_1_outputs,<pad>,-0.5360485,-0.1824695,-0.256733,-0.59860885,-0.52792674,0.155474,-0.32258305,0.17598319,0.12723745,0.7658554,0.11117668,0.54388493,0.15015024
attn_1_1_outputs,<s>,-5.240244,-4.6586275,-3.901436,-3.2843702,-1.906675,-1.7236899,0.26961157,1.4724457,3.0881631,2.981229,5.0621085,4.450401,2.1600537
attn_1_2_outputs,0,4.018008,2.5045776,1.885188,1.5582832,0.46096027,-0.10258616,-0.82550776,-1.6357101,-1.7506769,-1.9380158,-1.838819,-2.101527,-2.0288723
attn_1_2_outputs,1,3.4218416,3.4186532,2.169978,1.2700396,0.31814125,-0.17961942,-0.92703426,-1.5305754,-1.9750655,-2.212533,-1.7894475,-2.3022478,-2.1529276
attn_1_2_outputs,10,2.396268,2.262107,2.8651404,1.5217164,0.5201726,-0.12814645,-0.33174744,-0.8460076,-1.0736837,-1.8766724,-1.9640106,-1.9751205,-2.33387
attn_1_2_outputs,11,2.3084178,2.0531888,2.0251853,2.5261946,1.395782,0.34348345,-0.614961,-1.4653882,-1.4563905,-2.228258,-2.0554078,-1.9648397,-2.6084533
attn_1_2_outputs,12,1.7723603,1.683091,1.1884948,1.0930259,1.8633357,0.61503756,-0.0037752066,-0.74420345,-1.280303,-1.5835198,-1.6468374,-1.3429624,-2.037742
attn_1_2_outputs,2,0.6535093,0.44087484,0.27417335,0.52136713,1.2489176,1.8720632,0.6305116,-0.6190609,-0.94591045,-1.1676934,-0.9284625,-0.5669497,-1.4009595
attn_1_2_outputs,3,0.2212256,0.5374941,0.50837463,0.436952,0.86140203,0.6733283,1.676235,0.5779029,0.06590371,-0.5063995,-0.5036712,-0.45613852,-0.7958546
attn_1_2_outputs,4,-0.531083,-0.46921876,-0.41306865,-0.5593674,0.15283552,-0.0154902255,0.23028278,1.0899519,0.41552472,-0.36863616,0.026650995,-0.19241023,0.16793649
attn_1_2_outputs,5,0.4172251,-0.1222513,-0.39927083,-0.37013355,-0.4483683,-0.54034173,0.08403208,0.31362376,1.1689779,0.70288837,0.22133043,-0.034466114,-0.08206438
attn_1_2_outputs,6,-0.9842132,-0.2826216,-0.44276816,-0.23428255,-0.39478514,-0.59015554,-0.12299057,-0.029208101,0.15878513,0.7893683,0.3324607,0.075235166,0.702799
attn_1_2_outputs,7,-1.743367,-0.78970706,-1.0030472,-0.84566385,-0.6640081,-0.79235363,-0.3794279,-0.099119864,0.052838407,0.3687712,1.2828434,1.5875795,0.31599858
attn_1_2_outputs,8,-0.47427142,-0.45704034,-0.8286684,-0.8849976,-0.8478474,-0.84243214,-0.057994813,0.16035603,0.540343,0.9362168,0.8365864,1.188635,0.54422003
attn_1_2_outputs,9,-1.2639793,-1.3202574,-1.1488545,-1.4119645,-1.205286,-1.0031725,-0.6356236,-0.26661602,0.09551968,0.48161873,0.9153478,1.3467945,1.337862
attn_1_2_outputs,</s>,-5.4288516,-4.5075116,-3.524348,-3.0768223,-1.494581,-0.79921395,1.2425169,2.346205,3.0117292,3.397548,3.8013906,1.6561687,2.0807428
attn_1_2_outputs,<pad>,-0.8987207,-0.42549735,-0.43431064,-0.32707253,-0.50006,0.41026822,0.10917334,0.23356658,-0.19783999,0.38135567,0.36451185,0.6889863,0.4583687
attn_1_2_outputs,<s>,-4.186562,-3.1162713,-1.9236083,-1.7035079,-1.0189754,-0.59062463,0.4039403,0.7717497,1.2266331,1.5587856,1.9520336,2.0304728,2.0355785
attn_1_3_outputs,0,1.9746741,2.0266566,1.6541166,0.5816388,0.502303,0.38670447,0.2260978,-0.14084017,-0.9011742,-1.2662494,-1.8195224,-2.3013916,-2.8828819
attn_1_3_outputs,1,1.2760944,0.94848126,0.98286253,1.1551878,0.7584412,0.8945215,0.45009464,-0.036706366,-0.21412861,-0.59205693,-1.7112286,-2.2126818,-2.1979997
attn_1_3_outputs,10,1.5467719,2.0490386,1.9450977,1.4705374,0.9057468,0.2790769,-0.12757398,-0.70231694,-0.8673603,-1.3461025,-1.4967846,-2.274977,-1.8218254
attn_1_3_outputs,11,1.6778871,1.5273145,1.2295349,0.7350848,0.7084677,0.875115,0.6015878,0.39758098,-0.51311237,-0.80617094,-1.1146266,-1.6632851,-2.7065
attn_1_3_outputs,12,1.2780349,1.0624424,1.1607381,1.5201681,0.80600095,0.8142904,0.4297079,0.34451818,-0.2585235,-0.53288543,-0.68016315,-1.1554877,-1.6407863
attn_1_3_outputs,2,0.8397896,1.0468469,1.050637,0.67192054,0.51840526,0.50059575,0.48191315,0.72141117,0.7028257,0.089156896,-0.22294661,-0.9372414,-1.4141508
attn_1_3_outputs,3,-0.38462254,0.6690081,0.7448301,0.12429981,0.7283024,0.5040577,0.1815382,0.12748703,0.08543979,-0.030623201,-0.22494505,-0.26255196,-0.71466774
attn_1_3_outputs,4,-0.23300411,0.5022262,-0.0020561218,-0.5311226,-0.38219815,0.04700865,0.39209408,0.4920128,0.26766583,0.4748007,0.347863,-0.19227365,-0.30650136
attn_1_3_outputs,5,-0.5521603,-0.59485453,-0.76185894,-0.6387746,-0.7795125,-0.49817607,-0.082519256,0.67017776,0.65502477,0.6559415,0.6120954,0.4113388,0.67993087
attn_1_3_outputs,6,-1.1302996,-0.46134326,-1.2630279,-0.40230802,-0.5361461,-0.4656838,-0.7800602,-0.46999347,0.04096704,0.7116566,0.67713857,0.87354165,1.1798164
attn_1_3_outputs,7,-1.0950644,-0.7418778,-0.9048002,-0.8974786,-1.0818452,-1.1150904,-0.5779834,-0.2182297,-0.06746275,1.0638013,1.1020707,1.277252,1.8644648
attn_1_3_outputs,8,-2.7642736,-2.3393881,-1.971787,-1.609476,-1.7284055,-1.2849785,-0.558528,-0.15527079,0.8042193,1.3670964,2.016391,2.214596,1.9910092
attn_1_3_outputs,9,-2.7477124,-2.0986426,-1.9221294,-1.9272722,-2.0058882,-1.716927,-1.4516683,-0.9124783,-0.07817172,0.90760726,1.7751894,2.0564566,2.6757314
attn_1_3_outputs,</s>,-0.6888721,-0.6907801,-0.044210255,-0.2915765,-0.19204684,0.37765247,0.07490336,0.17591405,0.51908714,0.374484,0.12120051,-0.122928165,0.45858663
attn_1_3_outputs,<pad>,-0.83273536,-0.11612646,-0.7628481,-0.19439918,-0.18943729,-0.03014834,0.2972542,0.30523887,0.8318082,0.17694506,1.1161164,0.61838365,0.51992387
attn_1_3_outputs,<s>,-0.305126,-0.70836884,-1.5852786,-0.8362312,0.4397573,0.49879083,0.28523615,0.32117847,0.5142389,0.5690666,0.4142402,0.51060057,0.8020298
attn_1_4_outputs,0,19.80604,12.498271,9.159896,5.7712164,2.3256361,-0.59714514,-3.8172958,-6.941019,-9.24832,-10.866133,-12.729272,-14.270162,-11.981143
attn_1_4_outputs,1,11.005455,15.996018,10.288066,6.162884,3.5674932,-0.02833251,-3.3858027,-6.871343,-8.743024,-10.313737,-12.018799,-13.400422,-11.437731
attn_1_4_outputs,10,7.432077,10.132388,13.435491,8.542075,4.8266716,1.6655409,-2.4000356,-5.3419256,-7.661013,-10.310038,-12.683649,-14.187316,-13.102706
attn_1_4_outputs,11,3.3054717,4.557129,7.1593785,10.997362,6.36923,2.7638688,-0.9020046,-4.0611095,-6.418881,-8.248031,-10.5553465,-12.250048,-10.17283
attn_1_4_outputs,12,1.727836,1.9595844,3.817051,4.9174514,8.295857,4.189346,0.9559305,-2.3731036,-4.619398,-5.3515015,-8.062277,-9.649654,-8.678911
attn_1_4_outputs,2,-1.0861356,-0.4385453,0.97011614,2.2505732,4.6454906,8.424191,2.929204,-0.65093714,-3.066517,-5.5146575,-7.9617925,-9.683932,-8.063674
attn_1_4_outputs,3,-3.2024376,-2.6002002,-1.9972247,-0.65143,1.5473061,3.4413352,7.162464,2.3098762,-0.35188046,-2.7616625,-5.3013525,-7.2868795,-5.5863867
attn_1_4_outputs,4,-4.9962344,-5.3578143,-4.5225925,-3.0263014,-0.94947135,1.0840731,3.0617447,6.7908044,2.1198993,-0.26589406,-2.8351586,-4.5560193,-3.7611659
attn_1_4_outputs,5,-6.982224,-7.129626,-6.178594,-4.655399,-2.3585398,-1.0760063,0.99151444,2.9308305,7.1067643,3.0467753,0.110839754,-1.867988,-0.8386355
attn_1_4_outputs,6,-8.998705,-7.7301307,-6.0788617,-6.1291966,-4.248575,-3.3398056,-1.2523102,0.93829876,3.5704212,7.3887153,3.8643703,0.8122049,0.7657507
attn_1_4_outputs,7,-9.79859,-8.066693,-7.3853283,-6.591555,-4.5338745,-4.0601006,-2.5745125,-0.6024868,2.1298912,4.389543,8.188411,4.94897,4.0793295
attn_1_4_outputs,8,-10.302287,-9.083675,-9.192532,-8.167301,-6.4378777,-5.145501,-3.369756,-1.3574413,1.1928517,3.9964314,6.04625,11.3461275,10.641656
attn_1_4_outputs,9,-9.769288,-9.691052,-8.88872,-7.917312,-6.763559,-5.98168,-4.52747,-2.614269,0.047873143,1.939814,3.6964219,7.068325,15.809341
attn_1_4_outputs,</s>,-12.4436,-11.383386,-9.654898,-8.195214,-5.613763,-3.5013998,-0.672591,2.4664648,6.1274734,9.743498,11.9587755,15.515649,10.084016
attn_1_4_outputs,<pad>,-0.3513155,-0.47195277,-0.49947363,-0.16308664,-0.2707499,0.20080306,0.22758363,-0.07297607,0.6614285,0.34903434,0.4445941,0.4948736,-0.107294716
attn_1_4_outputs,<s>,-3.8289065,-6.041979,-5.141887,-4.623344,-3.1372914,-2.1955235,-0.9064357,0.84820616,1.8259742,3.0026011,4.111368,4.4566507,5.565394
attn_1_5_outputs,0,10.320103,6.65528,6.0098724,3.8569152,2.3916168,0.18293817,-1.3650602,-3.5273478,-5.403036,-6.055687,-8.960803,-9.911064,-9.438632
attn_1_5_outputs,1,3.6779356,7.817171,5.217638,3.569896,1.583965,-0.19484076,-1.4675349,-3.1502004,-3.8396,-5.549259,-7.0287304,-6.7403684,-7.3354893
attn_1_5_outputs,10,4.671173,5.083418,6.957034,4.390387,3.4692907,1.3476893,-1.1012783,-3.259534,-4.738553,-5.547439,-7.260605,-7.9813595,-7.922893
attn_1_5_outputs,11,1.7856475,2.5734777,4.1466975,6.405285,3.282355,1.529924,-0.37525544,-2.0151615,-3.4788637,-5.6342077,-6.458294,-7.101799,-7.4908137
attn_1_5_outputs,12,2.6918547,2.1959586,3.3222916,3.5866184,5.532698,2.7273724,0.57905155,-1.5830165,-3.499217,-5.8695426,-7.2639937,-9.194237,-6.878984
attn_1_5_outputs,2,0.45780885,0.4103141,1.047399,2.629964,3.432133,5.5686154,2.056045,-0.5484933,-2.9711556,-4.631997,-7.335272,-10.033649,-8.251575
attn_1_5_outputs,3,-0.99822634,-1.0579683,-0.19227694,0.41288623,1.4699957,3.1122541,5.33276,2.1089604,-1.3642391,-2.1687229,-5.124379,-7.832374,-9.108915
attn_1_5_outputs,4,-1.3047723,-1.8267921,-2.1524985,-1.0575281,0.42820954,1.2870849,2.2342238,4.479748,1.6982342,-0.6072354,-2.8817701,-5.53493,-4.5836263
attn_1_5_outputs,5,-5.299772,-1.991844,-1.829052,-0.904609,-0.5233207,0.12255002,0.8321393,3.4786038,4.1398487,1.1118494,-0.41500467,-3.198887,-4.547359
attn_1_5_outputs,6,-3.0280857,-3.2931652,-3.437229,-3.7221806,-2.256285,-1.2042414,-0.53578746,2.1315155,3.3409889,4.5730557,1.7565336,-0.45515266,0.47307125
attn_1_5_outputs,7,-2.6678436,-3.756239,-3.4460118,-4.284389,-2.651088,-1.8871906,-1.232785,0.92481875,2.7313437,4.451095,4.8284054,1.3413056,1.1824543
attn_1_5_outputs,8,-2.4122038,-2.8300784,-3.211079,-3.531718,-1.7248425,-0.90639484,-0.3286593,0.3437811,1.3900669,1.489418,2.7269938,3.6372397,0.44228584
attn_1_5_outputs,9,-5.5989194,-6.1904216,-4.426465,-4.089405,-3.6787987,-2.8816073,-2.2939909,-0.18333949,0.88205874,2.2893682,3.3986316,5.1472692,7.97474
attn_1_5_outputs,</s>,-6.8697042,-9.914793,-7.5768685,-6.0133133,-5.051786,-3.6253397,-1.8629345,-0.0372599,1.9053025,4.0271306,5.3311763,7.464655,9.416582
attn_1_5_outputs,<pad>,-0.33347726,0.021208875,-0.67858046,-0.7038392,-0.13636746,0.0984501,0.0715917,0.5764728,-0.1868724,0.4169114,0.35944945,0.4275813,0.038310166
attn_1_5_outputs,<s>,-8.437508,-4.4620256,-4.5134997,-5.1340103,-4.7078137,-4.057571,-2.4150605,-1.271381,0.8684125,2.8421965,4.6673813,8.139698,9.316356
attn_1_6_outputs,0,8.159808,5.5320754,2.7931378,1.5046012,0.45353502,-0.48128867,-1.3270148,-2.2257657,-2.8160706,-3.989484,-4.1421337,-4.3551197,-5.011293
attn_1_6_outputs,1,6.0414004,5.1904793,3.422972,2.4864776,1.0114267,0.13829944,-0.900235,-1.6542379,-2.638632,-3.400733,-4.1818814,-4.620214,-4.91491
attn_1_6_outputs,10,3.9982579,3.8104184,4.8140326,3.5647552,2.147464,0.22432888,-0.85612553,-1.8973953,-2.7013292,-3.6758285,-4.1890655,-4.5596795,-5.0476727
attn_1_6_outputs,11,2.1493382,3.0542285,2.6264205,2.862038,1.5956919,0.50123626,-0.103417866,-1.2590891,-1.4922563,-2.1887972,-3.078778,-3.0648844,-3.2867842
attn_1_6_outputs,12,0.10424589,1.0173713,1.292762,2.0265257,2.1515071,1.055927,0.3917207,-0.506368,-1.3448669,-1.793019,-2.2555916,-2.596809,-1.8339818
attn_1_6_outputs,2,-0.09066581,0.68761146,0.8275701,1.2718983,1.4651539,1.927141,1.0292587,0.16358553,-0.7994189,-1.4399893,-2.2523305,-2.719917,-2.916473
attn_1_6_outputs,3,-1.6262835,-0.3616974,-0.5712971,0.2440155,0.26797327,0.84735054,1.7886008,0.97549444,0.12543765,-0.10218749,-0.95290667,-1.3073293,-1.1123682
attn_1_6_outputs,4,-3.8607192,-2.2828918,-1.5647112,-0.616816,-0.012266735,-0.13945551,0.8230597,1.5800391,1.2493656,0.56630194,-0.015767217,-0.35563937,-0.22531879
attn_1_6_outputs,5,-3.79067,-2.5949194,-2.1549149,-1.0477194,-0.57905054,-0.38272983,0.30660248,1.221355,1.7575345,0.68900424,1.1772045,0.547397,0.21047224
attn_1_6_outputs,6,-3.8188286,-3.739196,-2.9700534,-2.018011,-0.8027293,-0.26966977,-0.37381077,0.79185987,1.8375446,2.1136165,1.7967955,1.1586447,0.6985364
attn_1_6_outputs,7,-4.4767537,-5.156274,-4.1868253,-2.9816515,-2.651169,-1.2125634,-0.20103402,0.692548,1.8064334,2.3377101,3.0660472,2.1628919,2.9745479
attn_1_6_outputs,8,-5.2135353,-5.0189257,-3.8957534,-3.47614,-3.1411147,-1.8237497,-0.87178415,-0.030270036,1.349599,1.9384861,3.306664,4.4461493,3.780958
attn_1_6_outputs,9,-5.590738,-4.9440174,-4.017,-3.4356365,-2.4226508,-1.7858961,-0.8904256,-0.13077919,0.095543064,1.2054286,1.6059526,2.470647,4.7671027
attn_1_6_outputs,</s>,-3.553291,-2.5988076,-1.7874322,-1.6303391,-1.199339,-0.61235267,-0.6834071,0.3296299,0.84792286,2.0792122,2.1539054,2.4316924,4.4269567
attn_1_6_outputs,<pad>,-0.7564127,-0.071120106,-1.0271591,0.34056574,-0.24428917,0.22236472,0.13695058,0.9737118,-0.059984833,0.12547284,0.45746475,0.6115674,0.3778832
attn_1_6_outputs,<s>,-3.777214,-1.9664551,-1.1951296,-1.7604653,-0.95701003,-0.40630424,0.0099818185,0.9303997,1.1508796,1.9981691,2.2695007,2.3838565,-0.3404276
attn_1_7_outputs,0,2.0502906,1.2383254,1.3408709,0.9960299,0.66963845,0.059264187,-0.136461,-0.38333866,-0.747542,-1.5016474,-2.0404809,-2.7201173,-2.6314015
attn_1_7_outputs,1,1.6572605,1.8422972,2.4566965,1.7999878,0.7199039,0.60594,0.14353998,-0.14767814,-1.1941973,-1.8708806,-2.508766,-2.4525864,-2.9401133
attn_1_7_outputs,10,1.8423023,1.3242456,0.95026976,1.3046693,0.73144525,0.3478763,0.39303914,-0.02763253,-0.33644333,-0.602951,-1.1483575,-1.3524946,-1.0212147
attn_1_7_outputs,11,1.8702153,1.7922182,0.61080575,0.8647858,1.1398512,0.8522721,0.26894602,0.23066325,-0.10807534,-0.73521304,-1.0501026,-1.4249117,-2.2537096
attn_1_7_outputs,12,1.316341,1.5895447,1.4798787,0.86099607,0.4207101,0.69739336,0.08197808,-0.062866546,0.121019386,-0.71930474,-0.2237354,-0.848478,-1.2069895
attn_1_7_outputs,2,0.59753335,0.3749902,1.1267475,1.1907202,0.53542924,0.38686576,0.31886417,0.050619885,-0.5331215,-0.1947581,-0.66408014,-1.2544414,-1.2203712
attn_1_7_outputs,3,-0.23180583,-0.00071824365,0.82788116,1.0748497,0.63393664,-0.02207677,0.625667,0.75830734,0.20229906,0.06536044,-0.39229065,-0.48042,-1.0059255
attn_1_7_outputs,4,0.16161273,0.49471346,0.6764969,0.35035703,0.4658395,-0.033907052,-0.14821565,0.36312732,0.3161262,0.46047243,0.32092512,0.10905806,0.14101538
attn_1_7_outputs,5,-1.2012001,-0.40410808,-0.21859668,-0.41451606,-0.11705889,0.103962004,0.4137188,0.46904,0.7938819,0.35319257,0.48798382,0.5478452,0.82250017
attn_1_7_outputs,6,-1.345815,-1.1776594,-0.16022164,-0.26664546,-0.54312456,-0.7233566,-0.49153924,0.11463822,0.60545975,0.72130555,0.97602123,1.2861227,0.75996745
attn_1_7_outputs,7,-1.5286874,-1.0691258,-0.8983629,-0.6362376,-0.42142034,-0.15567501,-0.08364789,-0.0518769,0.52273107,0.7113582,1.2787976,0.4748246,0.9558956
attn_1_7_outputs,8,-2.171243,-1.2180073,-1.1409903,-1.9609442,-1.1989614,-0.30553272,-0.124913014,-0.20962106,0.0076028407,0.3409746,1.339574,1.9491794,1.5421522
attn_1_7_outputs,9,-2.09362,-1.4583172,-1.0171155,-0.5121959,-0.7547098,-0.76317865,-0.39168462,-0.5251198,-0.14183386,0.08867979,0.26473546,0.68790954,0.960342
attn_1_7_outputs,</s>,-2.6648118,-2.2116466,-1.7234805,-1.802073,-1.2816799,-1.0641458,-0.77919555,-0.42724743,0.47026145,1.0472323,1.8857746,2.4458766,3.8891013
attn_1_7_outputs,<pad>,-0.47292885,-0.59120744,-0.49771237,0.08694904,-0.37021074,0.1269707,0.019040111,0.076647185,0.12887506,0.065031774,0.44552132,0.54550326,0.2287792
attn_1_7_outputs,<s>,-0.2700717,-0.051444165,-0.15559241,0.04074169,-0.11958398,-0.23703033,-0.43051565,-0.15227515,-0.08074649,-0.043725535,0.12689036,0.34520638,0.2813201
attn_2_0_outputs,0,2.9133632,2.4954822,2.1742544,1.949763,1.0998304,0.10900217,-0.51986855,-1.163494,-1.5407238,-1.9987848,-2.5575778,-3.5175085,-3.3536487
attn_2_0_outputs,1,2.7304113,2.8742886,2.1221364,1.8306303,1.0243795,0.21939239,-0.30863413,-0.9056431,-1.1289333,-1.6532421,-2.0331752,-2.5257475,-3.046777
attn_2_0_outputs,10,2.442242,2.67129,2.3688397,2.2221632,1.3985244,0.6867048,0.34355593,-0.5644976,-1.1267059,-2.0386162,-2.2735806,-3.0721025,-3.5354865
attn_2_0_outputs,11,1.7299566,1.8653316,1.3780392,1.5527312,0.90780187,0.6204866,0.0070898,-0.65619665,-0.965483,-1.8552426,-1.7745123,-2.1539235,-2.4932728
attn_2_0_outputs,12,0.8138072,1.4179003,1.4381088,1.5007957,1.089903,0.7024702,0.36978865,0.16855416,-0.2567885,-0.7587945,-1.2182757,-1.707605,-2.3990376
attn_2_0_outputs,2,0.39208376,0.41299748,0.4100747,0.9066923,0.5788799,0.9323055,0.82085043,0.4168251,0.059499204,-0.39632335,-0.8967099,-1.3523154,-1.8786422
attn_2_0_outputs,3,-0.47071645,-0.32021314,0.61015177,0.6322055,0.2802262,0.5690001,0.9158428,0.5567015,0.35301155,-0.04818712,-0.6637252,-0.6649401,-1.0508032
attn_2_0_outputs,4,-0.5025846,-0.61925334,-0.6615389,-0.09901634,-0.47302747,0.19507037,0.47210953,0.9418943,0.7270516,0.88732964,0.49589875,0.07688434,-0.3054293
attn_2_0_outputs,5,-0.7015147,-0.8228407,-0.4968056,-0.2377201,-0.5992655,-0.3587831,0.042168327,0.4989922,1.0790639,0.6579169,0.76717,0.6968703,0.21423171
attn_2_0_outputs,6,-0.55500674,-1.3871264,-1.1247078,-0.47138992,-0.7254402,-0.7595116,-0.25783575,0.27330896,0.79866326,1.3420905,1.5747232,1.087174,0.66726637
attn_2_0_outputs,7,-1.7408133,-1.1063551,-0.93265307,-0.77699906,-0.87938464,-0.6476636,-0.3277322,0.2148974,0.5537511,0.7130968,1.3498123,0.73974216,0.9619155
attn_2_0_outputs,8,-1.5638552,-1.2797065,-1.229835,-1.0227903,-1.3162389,-0.8619678,-0.26895884,-0.055586632,0.34049746,0.376844,1.1748282,1.7558216,1.5215929
attn_2_0_outputs,9,-2.417121,-2.312129,-2.243268,-1.583548,-1.9685676,-1.4140052,-1.139859,-0.5710414,-0.061739277,0.13189921,1.1824098,1.9076475,2.9358287
attn_2_0_outputs,</s>,-1.7406561,-2.54395,-1.382445,-1.2575128,-1.3652928,-0.75023246,-0.34074542,0.38745162,0.53236556,1.2215972,2.0553775,2.304154,3.1008344
attn_2_0_outputs,<pad>,-0.83528054,-0.4072535,-0.5761413,-0.44182262,0.17432728,0.20419979,-0.22573745,0.20028146,0.32699385,-0.2078976,0.21029612,0.73534876,0.10323868
attn_2_0_outputs,<s>,-1.1431229,-1.4561616,-1.3288722,-0.94505876,-0.8097875,-0.52936953,-0.30884302,0.020606175,0.86630666,0.7251908,1.3946029,1.7157989,1.4581072
attn_2_1_outputs,0,1.2576094,0.6483002,0.56843233,0.07081991,-0.1134769,-0.053847365,-0.014985045,-0.07895678,0.121605,0.29246765,0.37362713,0.17073426,-0.36577693
attn_2_1_outputs,1,1.4536376,0.7396646,0.6627195,0.8167405,0.71442163,0.36909083,0.17040321,-0.23404312,-0.5023251,-0.748446,-0.66810644,-1.3262078,-1.4383667
attn_2_1_outputs,10,1.9161183,1.4516411,1.167028,0.79873466,0.32040957,0.49211323,0.3511904,0.08265736,-0.037385963,-0.32197124,-0.53721255,-0.98323137,-1.555832
attn_2_1_outputs,11,0.57786185,0.6018942,0.6857013,0.07728111,0.29829818,0.11729973,0.1630606,0.28948554,0.18008019,0.13553433,0.4912153,0.47743195,-0.22458918
attn_2_1_outputs,12,0.8835582,0.9064322,0.16944344,0.4316008,0.16504095,0.24187325,0.30390206,0.451053,0.34945995,0.39392418,0.048863564,0.20053856,-0.17995301
attn_2_1_outputs,2,0.95064443,0.9155294,0.6190389,0.3445006,0.36264116,0.23857793,0.31544185,0.17908166,0.11833532,-0.037847146,-0.19816163,-0.54241866,-0.6733821
attn_2_1_outputs,3,0.40306544,0.23464952,0.553024,0.5318446,0.52039146,0.7783079,0.44417375,0.37840417,0.23076823,-0.25585407,-0.26056457,-0.7121395,-1.2664045
attn_2_1_outputs,4,0.6364812,0.3185402,1.0685533,0.50866926,0.11838146,0.46275383,0.23843524,0.12040265,-0.07915073,-0.34408042,0.36209285,0.56680673,0.09071736
attn_2_1_outputs,5,-0.33638328,0.80151373,0.7815523,0.34865603,0.050651617,0.3969068,0.3408211,0.5128409,0.5246753,0.039433353,0.48709026,0.5941883,-0.05493414
attn_2_1_outputs,6,0.25769135,0.21036673,0.5096048,0.29268578,-0.0048415773,0.06935862,0.45453954,0.23679197,0.30676183,0.36039105,0.7750552,0.76239973,0.12333579
attn_2_1_outputs,7,0.5046346,-0.48573434,-0.17074172,-0.21889257,0.28173676,0.13502967,0.21842676,0.42973948,0.25830108,0.31370708,0.39320663,-0.16373326,-0.2160712
attn_2_1_outputs,8,-1.2321265,-0.75686616,-0.38956076,-0.17102626,-0.5925647,-0.64090693,-0.5009624,-0.03382434,0.04194143,0.37435082,0.8631227,1.0171019,0.30246854
attn_2_1_outputs,9,-0.74754316,-1.0025959,-0.53686965,-0.5153643,-0.73507136,-0.4989432,-0.4741047,-0.52259004,-0.25745752,0.3708167,0.43096977,0.17517845,-0.10319891
attn_2_1_outputs,</s>,-1.1336278,-0.98796403,-0.8246821,-0.6611415,-0.43874437,-0.36842975,-0.114451595,-0.059929863,0.2513075,0.39718416,1.542508,1.5240315,1.1093612
attn_2_1_outputs,<pad>,-0.08845452,-0.1690359,-0.022640191,0.21700889,-0.01722878,-0.1323567,-0.03171309,-0.02730707,0.17237887,0.08548479,0.64647317,0.34073356,0.25339785
attn_2_1_outputs,<s>,0.74923223,0.09874793,0.0736785,-0.01182161,0.053386785,0.14733878,0.32091558,0.16895562,0.032571636,-0.16539946,0.110891834,0.18693623,-0.4403471
attn_2_2_outputs,0,5.0349116,0.16460022,-0.27939096,0.8189671,0.5713719,-0.21604186,-0.073086366,-0.7026544,-0.76927996,-0.8647572,-1.3103468,-1.345721,-2.4867086
attn_2_2_outputs,1,1.9862951,3.515478,2.3534443,1.6235254,1.8012316,0.9128602,-0.0009187723,-0.9724744,-1.6870675,-2.8933053,-3.08962,-5.6805844,-3.469031
attn_2_2_outputs,10,0.5771664,1.0919715,1.5636207,0.90632445,0.9245185,0.5390691,0.12269411,-0.1761654,-0.25595102,-1.0139126,-0.6691203,-1.3493173,-1.8617188
attn_2_2_outputs,11,-0.11682885,0.7622757,0.8581687,1.550057,1.5118549,1.0208892,0.4433431,0.12915283,-0.14535029,-0.5849575,-0.6503606,-1.0966711,-1.8280296
attn_2_2_outputs,12,0.88008195,2.9775972,1.385259,1.8715292,4.4722958,0.3820754,-0.2957671,-1.1582414,-2.2209904,-2.7817771,-3.4770885,-7.665611,-5.3796334
attn_2_2_outputs,2,-1.1332408,-0.3529724,0.14804348,0.6814968,1.049277,1.0731825,1.0071361,0.6736029,0.26592898,-0.25939548,-0.54158205,-0.9476634,-1.6365616
attn_2_2_outputs,3,-1.2191734,-0.58654976,-0.24655849,0.07256101,0.56189543,0.72544104,1.108022,1.0182432,0.5938569,0.4559479,-0.24815287,-0.6640244,-1.1498846
attn_2_2_outputs,4,-1.3057697,-0.51346684,-0.8177552,-0.27356544,0.14606994,0.12415978,0.57173264,0.7421479,1.0002961,0.7532128,0.20831199,0.13465156,-0.97489244
attn_2_2_outputs,5,-1.578864,-0.7428308,-0.23303957,0.043648917,0.33163887,-0.027307576,0.9027279,0.8643508,1.009019,0.09740944,0.08263113,-0.7321167,-0.886112
attn_2_2_outputs,6,-1.9856324,-3.8238888,-3.1833608,-2.1377716,-2.3671644,-0.5837333,-0.12624805,0.012225299,0.93222237,1.3657619,1.4179912,2.0719414,1.2415762
attn_2_2_outputs,7,-1.5157832,-1.5102011,-0.83652097,-1.3397027,-0.20193215,-0.72373843,-0.4843231,-0.30116233,0.39563945,1.128356,1.3523965,1.2490442,1.3206377
attn_2_2_outputs,8,-7.9526014,-7.6417704,-7.21938,-6.3534184,-9.732505,-4.638381,-3.7725523,-2.932916,-0.7582183,1.561137,3.6113973,9.063555,3.6114721
attn_2_2_outputs,9,-1.842726,-2.921487,-1.8599133,-1.9762214,-1.764568,-1.0870041,-0.6925027,-0.81476736,-0.41574028,0.0702804,-0.121607326,-0.68577015,3.5920007
attn_2_2_outputs,</s>,-2.2276046,-1.1587127,-0.89885443,-0.28679535,-0.14877039,0.12734365,0.07173138,0.099075034,0.51184636,1.0595638,1.1176777,0.9618915,1.068546
attn_2_2_outputs,<pad>,-0.86575216,-0.6393595,-0.5657477,-0.618486,-0.15711439,-0.32563677,-0.004752782,0.8398623,0.19996521,-0.07608459,0.39882687,0.41366768,-0.17234091
attn_2_2_outputs,<s>,-0.1761852,1.2254444,0.13411963,0.7983765,-3.3074079,0.66528183,0.6540203,0.7584365,0.87740445,0.7674513,0.63712674,-3.2298613,-0.17036615
attn_2_3_outputs,0,2.928639,1.5549144,2.0093143,1.3531983,1.7152629,1.1357902,0.08795142,-0.3369301,-1.0953838,-1.4764614,-2.1985455,-3.1545231,-3.0042667
attn_2_3_outputs,1,2.244134,2.1093457,1.7732687,1.1132774,0.016012846,-0.1611472,-0.19476052,-0.99629146,-0.5156289,-1.0865724,-1.1486192,-1.7292694,-1.2780019
attn_2_3_outputs,10,2.7739296,2.2099667,2.3698597,2.1976078,1.2370013,0.59124935,-0.38063377,-1.0378995,-2.2322803,-2.2315786,-2.3909624,-2.6830983,-2.9171164
attn_2_3_outputs,11,2.374279,1.5772933,1.5811826,1.1035146,0.7629688,-0.06660984,0.26310158,0.043840252,-0.82260716,-1.1554937,-1.1562508,-1.5808394,-1.8471522
attn_2_3_outputs,12,1.4086571,1.0336388,1.3113228,0.6112806,1.157595,0.7947876,0.08843058,-0.06155905,-0.0042804005,-0.7003573,-0.76919407,-0.9761516,-2.3118072
attn_2_3_outputs,2,1.2630255,0.7064285,0.6038879,1.1350468,0.95308787,1.0191672,0.80160546,0.6237441,-0.08475502,-0.47055894,-1.0017213,-1.1510415,-1.7792344
attn_2_3_outputs,3,0.4009825,0.1318566,-0.12503116,0.6015855,0.9429439,0.9983909,1.5393312,0.6586094,-0.3285323,-0.56504345,-0.64410716,-0.5769844,-1.247566
attn_2_3_outputs,4,-0.89614844,-0.49902683,-0.2763687,-0.406918,-0.85412645,-0.08673566,0.7082413,1.2416165,0.91536564,1.6044501,0.101927154,-0.3440837,-1.0487179
attn_2_3_outputs,5,-0.34502053,-0.01570997,-0.7120835,-0.4106765,-0.5841019,-0.39167145,-0.3255644,0.6250718,1.0920868,0.95895064,0.87507737,0.3979281,1.0242075
attn_2_3_outputs,6,-1.8097043,-0.9242867,-1.0098716,-1.0205096,-0.25488335,-0.2815544,0.08456006,0.8725828,0.89937264,1.2535669,0.78193355,0.17571576,-0.40707916
attn_2_3_outputs,7,-2.7579727,-1.7082981,-2.0467215,-1.2751172,-1.3029794,-0.8041345,-0.8266996,-0.4308432,0.5809537,1.4145335,2.153434,1.6082844,2.142597
attn_2_3_outputs,8,-1.7106714,-2.1562264,-2.0966947,-1.5524223,-1.23749,-1.2203562,-0.5927671,-0.1426646,0.19543654,0.23073661,1.9145395,2.4291165,2.294886
attn_2_3_outputs,9,-0.8331838,-0.8036647,-1.2532022,-1.255268,-1.6723764,-1.4551926,-1.6742661,-1.1499163,-0.34188116,-0.6166539,0.3537144,0.9942307,2.8436847
attn_2_3_outputs,</s>,0.18109381,0.6808883,-1.013305,-0.18339427,-0.94260925,-0.57873076,-0.09715678,-0.49321005,0.30030572,0.22714742,0.9536607,1.0490412,0.81526244
attn_2_3_outputs,<pad>,-0.55125606,-0.2696188,-0.23251036,-0.36449656,0.1457952,-0.12309707,-0.31853265,-0.140737,-0.26067856,0.71812063,0.3463177,0.40376607,0.19305848
attn_2_3_outputs,<s>,-1.7245444,-0.6032334,-0.55267906,-0.27102703,-0.44393158,-0.061295167,0.28345087,0.2290754,0.18516135,0.14430243,0.96407413,0.4314805,0.36490002
attn_2_4_outputs,0,2.336912,2.0847,1.5073004,1.1341331,0.3976894,0.17560576,-0.3967421,-0.7074253,-0.826293,-1.2001686,-2.066334,-1.9293777,-2.3815484
attn_2_4_outputs,1,2.3120677,2.0318058,1.4232664,0.71870327,0.31773424,0.20435376,0.033737395,-0.39943838,-0.42467698,-0.9035957,-1.5521797,-2.173768,-2.3545644
attn_2_4_outputs,10,2.2359886,1.8214062,1.866201,1.306228,0.5205451,0.6080407,0.1628895,-0.46418247,-1.0858761,-1.0932717,-1.5192946,-1.4158262,-1.43884
attn_2_4_outputs,11,2.178613,2.0283346,1.7170873,1.4250546,0.76794183,0.5880548,-0.025978448,-0.22128174,-0.48229536,-1.1076471,-1.2997757,-1.939544,-2.5781236
attn_2_4_outputs,12,0.39114475,0.4086786,0.9751298,0.76041067,0.76938164,0.7791934,0.36274993,0.2190306,0.05451715,-0.5596209,-0.8740446,-1.0467498,-1.2751527
attn_2_4_outputs,2,0.10935609,0.81323445,0.776358,0.3731176,0.676033,0.6099408,0.53111935,0.05424578,0.012565795,-0.25804877,-0.32232037,-0.7359584,-0.31615517
attn_2_4_outputs,3,0.24393094,1.0925702,1.3559,0.8393641,0.59773904,0.46002898,0.4242664,0.0119805075,-0.0038038827,-0.19770783,-0.80073565,-1.1870174,-1.2439694
attn_2_4_outputs,4,-0.15856105,-0.0043027876,0.48137835,0.3116369,0.24387464,0.29518625,0.4440052,0.42088494,0.07331465,-0.1691027,-0.12240588,0.010972676,0.11564589
attn_2_4_outputs,5,-0.30655894,-0.25168693,-0.12619166,-0.71779,-0.29237193,0.1752594,0.4668907,0.645656,0.9964953,0.55734456,-0.28572574,-0.3293767,0.22974035
attn_2_4_outputs,6,-1.335711,-0.59883755,-0.4948105,-0.55463463,-0.24718758,-0.34912112,0.39890465,0.39513153,0.61283803,0.74676913,0.4470387,0.5438217,1.660273
attn_2_4_outputs,7,-1.3343227,-0.7304542,-0.83301526,-0.60357237,-0.6563252,-0.28824076,-0.006617906,-0.03974049,0.25303164,0.7252875,1.0295817,0.7112237,1.1705041
attn_2_4_outputs,8,-1.7385893,-1.723672,-1.1314293,-1.0615277,-1.1986383,-0.9126649,-0.49124092,-0.23234825,0.5608677,0.9911971,1.768236,2.030977,2.1001847
attn_2_4_outputs,9,-2.5964153,-2.160172,-1.6559792,-1.4098026,-1.2043889,-0.8682209,-0.4285508,-0.6075715,-0.0047202883,0.34025517,1.0823736,1.2384249,1.3117964
attn_2_4_outputs,</s>,-3.1031156,-2.667678,-2.2148817,-1.7285836,-1.0868944,-0.5768282,0.56988144,1.0381168,1.5472187,1.2629073,1.9570224,1.6528636,1.3865409
attn_2_4_outputs,<pad>,-0.032695793,-0.50597036,-0.61751,-0.13156973,0.122330256,-0.13889994,0.3664805,0.018361146,0.06946474,-0.27552795,0.60209954,0.22783938,0.6346237
attn_2_4_outputs,<s>,-0.10031815,-0.39614755,-0.14782785,0.036098003,-0.1101836,0.010312771,0.11244441,0.30556262,0.23329243,-0.071983844,0.12453093,0.14614233,0.17539088
attn_2_5_outputs,0,2.242076,0.6265986,1.1501347,1.0120826,0.42509788,0.44274315,-0.07084657,-0.65532184,-1.0005852,-0.86615556,-0.90467334,-1.0375001,-0.95971185
attn_2_5_outputs,1,6.9038043,9.054843,4.9918785,0.37239096,-1.3727902,-4.4321704,-5.701944,-6.204951,-6.6094522,-11.640261,-6.821769,-7.3353653,-4.8268547
attn_2_5_outputs,10,0.76013345,-0.33820137,1.6463765,2.0551536,1.8296366,1.293922,0.76335514,0.21153475,-0.574052,-0.6323298,-1.5199773,-2.1028967,-3.3282657
attn_2_5_outputs,11,0.72463334,0.48591244,0.51488984,0.746901,0.92618614,0.32738653,0.44181493,-0.08834596,-0.5109644,-0.1461496,-0.56284183,-1.0820453,-1.0408456
attn_2_5_outputs,12,0.8873253,0.16612163,0.46189693,0.39975286,1.0099152,0.8829644,0.72535205,0.60358655,-0.15592034,-0.04719356,-0.46241453,-1.0804284,-1.4981586
attn_2_5_outputs,2,0.21034373,0.21199134,-0.0070776027,0.90781736,0.9466466,0.8036262,0.6981634,0.43845665,-0.14408465,0.33813438,-0.46733114,-0.73722833,-1.507298
attn_2_5_outputs,3,-0.7001898,-0.23145823,-0.33417287,0.12793979,0.3035814,0.87538964,1.0906168,0.46889088,-0.1710835,1.1261373,0.16189654,-0.5856521,-0.9886617
attn_2_5_outputs,4,-0.5714799,-0.5328844,-0.49046645,0.2716575,0.10489299,0.48723468,0.8982634,0.6522918,0.44951895,0.30042934,-0.043371756,0.07555301,-0.2698623
attn_2_5_outputs,5,-1.3533971,-0.44563752,-1.1349819,-0.01690266,-0.0938225,0.08304579,-0.02105245,0.6028581,0.40504125,1.0725665,-0.08958994,0.40500668,-0.032727446
attn_2_5_outputs,6,-5.9997606,-10.425121,-4.790791,-2.6960757,-2.4124613,-1.3840014,-0.8558385,-0.32219973,0.8222654,4.625889,1.9365443,2.4009562,3.085276
attn_2_5_outputs,7,-1.6502686,-1.276934,-1.5146236,-1.4617989,-1.0440192,-0.75562656,-0.23871982,0.27539688,0.7708546,1.1667817,1.408959,1.8933228,1.3516479
attn_2_5_outputs,8,-1.76536,-1.4883351,-1.2613844,-1.0444121,-0.9577367,-0.4260771,-0.39538687,-0.061250746,0.07567842,0.5464135,0.7605929,1.7595819,1.1710274
attn_2_5_outputs,9,-2.2012973,-5.4294586,-3.2448683,-2.2316527,-1.5403913,-1.2617967,-0.6848674,-0.30615437,-0.107786745,0.3086157,0.5820431,2.0095413,2.7413654
attn_2_5_outputs,</s>,-1.1379864,-0.8128451,-0.68272096,-0.43071327,-0.1544033,-0.21575446,-0.013875234,0.09222019,0.034205787,0.7199039,0.091132216,0.7352279,0.82312536
attn_2_5_outputs,<pad>,-0.23516351,-0.44951904,-0.2916539,-0.5217222,-0.014857777,-0.27061096,0.0626561,0.10979608,0.0109872995,0.1003948,0.782042,0.8271751,0.5897191
attn_2_5_outputs,<s>,-1.164182,-5.747339,-0.35061416,0.8696496,1.0666783,1.3492874,1.2171922,1.2805624,0.97273576,-3.8119063,0.25582522,0.50934184,0.34593984
attn_2_6_outputs,0,2.0762193,0.5537256,-1.6640565,0.9130969,0.5947617,-0.047879532,0.19872805,-0.05922112,-0.109495,-0.61487436,-0.9793389,-1.0747012,-1.4186695
attn_2_6_outputs,1,1.5362921,1.109355,-0.6291289,1.1869004,0.81844765,0.6547046,0.31054246,-0.19127461,-0.15860236,-0.2614532,-0.54288864,-1.1164745,-0.7719679
attn_2_6_outputs,10,5.947185,5.3381824,7.680513,1.4272599,-0.21632524,-2.7211447,-3.490201,-3.9738069,-4.188248,-5.050691,-6.2110996,-8.06543,-10.1538315
attn_2_6_outputs,11,0.5192354,0.08343762,0.47587657,1.0251873,1.1245759,0.82863384,0.9196447,0.19713631,0.081708506,-0.22655208,-0.23025727,-0.864794,-1.3103105
attn_2_6_outputs,12,0.0255983,0.17194217,0.63742095,1.0853778,1.1186991,1.1168046,0.96325463,0.72304624,0.5962168,0.2676213,-0.08793492,-0.9439007,-1.4687655
attn_2_6_outputs,2,-0.3995834,-0.21281496,-0.294271,0.33813494,0.344845,0.6608273,0.62666976,0.41272742,0.5292351,0.15807207,-0.01619031,-0.41109514,-0.8575774
attn_2_6_outputs,3,-1.7643013,-0.63770854,-0.79988456,0.23705141,0.29764217,0.6463653,1.0104573,0.68578744,0.43079087,0.37475348,-0.07166539,-0.5075624,-0.6498341
attn_2_6_outputs,4,-1.3835472,0.3144833,0.024523938,-0.057058938,0.5994897,0.31908232,0.63168883,0.5951265,0.6751568,0.661719,0.14283982,0.36001897,0.38827184
attn_2_6_outputs,5,-1.1564646,-0.32298177,-0.23025617,-0.33571917,-0.12002486,0.032054972,0.24019197,0.2981395,0.7475968,0.56459033,0.80026954,0.3122572,-0.28287444
attn_2_6_outputs,6,-1.7430856,-1.3182236,0.05082243,-0.050832655,-0.22943713,-0.1261589,0.44563496,0.60988605,0.8618972,0.83333546,0.24965651,0.68548733,0.13663559
attn_2_6_outputs,7,-5.559742,-3.6587355,-3.165597,-2.2434468,-1.5376981,-0.98973924,-0.38268787,-0.49133214,0.0719814,-1.3662043,3.9469903,3.276945,1.4285184
attn_2_6_outputs,8,-2.7502089,-1.9768354,-3.9094176,-0.3700521,-0.6868407,-0.39538878,-0.2956158,-0.13512343,0.45675322,0.9290654,0.9396668,1.5536673,2.0190997
attn_2_6_outputs,9,-8.246772,-7.310365,-9.838,-5.128643,-4.5878367,-3.9929864,-2.9313152,-2.168923,-0.4127858,1.5822707,2.6580145,4.766732,7.098083
attn_2_6_outputs,</s>,-2.0683274,-1.1371003,0.59641975,-0.4324707,-0.2100567,0.17350402,0.17654009,0.1505429,0.17875665,0.3713271,0.29681727,0.45791635,0.27915892
attn_2_6_outputs,<pad>,-0.65568525,-0.84333175,-0.91736376,-0.39209685,-0.35332304,0.196702,-0.054966427,0.08918198,0.054784767,0.39657798,0.6705101,0.751569,0.4350895
attn_2_6_outputs,<s>,0.5501588,0.23264259,-2.5154283,1.4443496,1.1809415,1.0796347,1.1102175,0.8752465,0.654667,0.45902386,-1.0413251,-2.1368823,-5.2002172
attn_2_7_outputs,0,4.758384,2.2322102,1.3014631,0.7741354,0.05991257,-0.3381076,-0.83521384,-1.5439016,-1.3293351,-1.8917409,-2.0817313,-2.1507075,-2.8867652
attn_2_7_outputs,1,3.278653,3.149526,1.5660815,0.9359663,0.23531157,-0.03811695,-0.40553,-0.85886914,-1.5101111,-1.633815,-1.6440197,-2.3714182,-2.452999
attn_2_7_outputs,10,1.9994239,2.302316,3.0883708,1.6866827,1.0123144,0.26811314,-0.24826062,-0.6612052,-0.90266407,-1.2724571,-1.3767114,-1.7034464,-3.0096462
attn_2_7_outputs,11,0.520239,1.0459353,1.8658648,2.0936463,1.2183695,0.54258645,-0.5115715,-1.0900526,-0.97618747,-1.6921629,-1.3507762,-1.2622433,-1.4190125
attn_2_7_outputs,12,-0.7274705,-0.4976039,0.06968407,0.867649,1.0111268,0.91413826,0.49653542,0.27630904,0.024996739,-0.36779666,-0.50188226,-1.2431376,-0.93357676
attn_2_7_outputs,2,0.19979014,0.57437366,0.89073133,0.8204886,1.0996987,1.5137522,0.59343207,0.040235754,-0.024707792,-0.8825878,-0.83612394,-1.3046881,-0.99522454
attn_2_7_outputs,3,-1.124317,-0.38359168,0.18070224,-0.011624501,0.7187156,0.40510198,1.1100537,0.65810096,0.5859898,-0.031446494,-0.71451515,-1.9069183,-0.6319053
attn_2_7_outputs,4,-1.6816032,-1.3770202,-0.871529,-0.81003296,-0.327271,0.14609854,0.8757451,1.4341704,0.7117769,-0.1487472,0.5796205,-0.055717453,0.18084086
attn_2_7_outputs,5,-2.391218,-1.9622622,-1.192437,-0.8119328,-0.74970543,-0.03256313,0.62262535,0.95202696,1.4101322,0.8527951,0.32099026,0.7212196,0.46052662
attn_2_7_outputs,6,-3.172707,-2.4204588,-1.6164093,-1.5499957,-1.056086,-0.73911935,0.062022716,0.10129587,0.7941154,1.176917,1.0657961,1.0061082,0.8465994
attn_2_7_outputs,7,-4.56119,-2.0681012,-2.7741647,-1.8362119,-1.297338,-0.98883075,-0.22047685,0.23304522,1.1428589,1.6610218,2.421366,2.0554535,2.2892509
attn_2_7_outputs,8,-2.9229486,-2.6458917,-1.5933731,-2.2600667,-1.713927,-0.89754766,-0.51503223,-0.18923014,0.7523311,1.310207,1.5412352,2.2523584,2.2134287
attn_2_7_outputs,9,-1.7926606,-1.319329,-1.6305383,-1.5991609,-1.1338451,-0.8050637,-0.5281797,-0.48928276,-0.31297973,0.20050548,1.1357769,1.2739757,1.9485122
attn_2_7_outputs,</s>,-0.47696435,-0.4281484,0.52556896,0.6699907,0.49891487,-0.40418747,-0.21569464,0.4075161,0.3182859,0.69827574,-0.3534956,0.31208777,-0.5483126
attn_2_7_outputs,<pad>,-0.92418385,-0.44854337,-0.3469798,-0.5424984,0.17223033,0.24989781,0.57566166,-0.7119132,0.15175736,-0.07516918,0.8498293,0.46895018,-0.08927507
attn_2_7_outputs,<s>,-0.72578895,-0.54275984,0.1758091,-0.7516853,0.027970253,-0.6397045,-0.3759089,-1.1148955,0.21159205,0.6713279,0.8193245,0.33057112,1.0633714
mlp_0_0_outputs,0,-0.44829267,-0.31962729,0.81326836,0.5894844,0.53457296,0.16499455,0.559911,-0.0019705044,0.25634772,-0.26145077,-0.07076248,-0.3455233,-0.17108324
mlp_0_0_outputs,1,-0.3612254,0.606657,0.75631565,0.5084496,0.19424465,0.17102301,-0.14720848,-0.01923861,-0.026570475,-0.2673815,-0.42369106,-0.5691945,-1.1873558
mlp_0_0_outputs,10,-0.068426654,-0.09095837,0.38694638,-0.07096979,-0.18722734,0.4349559,0.30806774,0.38630795,-0.10278106,-0.3065517,0.30610964,0.42308506,-0.17724007
mlp_0_0_outputs,11,-0.9798203,-0.5161185,0.08657583,0.03753675,0.5755546,0.30295205,0.55056846,0.41548473,0.26947245,0.5221089,-0.40649322,0.2036348,-0.32527086
mlp_0_0_outputs,12,-1.2488642,-0.2681716,0.8018891,0.94741064,0.7998814,0.7416133,0.5235871,0.5540166,0.45165086,0.59421307,-0.20282899,-0.5745514,-0.8747029
mlp_0_0_outputs,13,0.24998444,0.03963966,0.8851804,-0.10050468,0.1776994,0.08114226,0.24054842,0.4296078,0.53450024,-0.15582395,-0.4331798,-0.15684608,-0.30245432
mlp_0_0_outputs,14,-0.21400087,0.44437438,0.5371461,0.051620476,0.25671494,-0.114376985,-0.33915424,0.1690364,0.22699161,0.17008965,-0.27398902,0.50431496,0.042506937
mlp_0_0_outputs,15,-0.30024093,-0.13949025,-0.04405969,-0.10514713,0.21367723,-0.52764064,0.09244771,0.25286162,-0.02913495,0.014544233,-0.2465714,-0.047292985,-0.11684207
mlp_0_0_outputs,2,8.9875965,6.4679494,3.6748614,1.992261,0.74864596,-0.7871005,-3.0227106,-4.745885,-6.8219213,-8.243786,-13.032322,-12.063758,-13.674422
mlp_0_0_outputs,3,-0.5577815,-0.18034251,-0.15667786,0.031560775,-0.081214115,0.1554329,0.0026252142,0.11187365,0.35444182,0.32931235,0.17046924,0.6678333,0.40326124
mlp_0_0_outputs,4,-25.907448,-16.707495,-9.384588,-7.5334787,-2.7229536,-2.6623428,-0.54767275,1.7057729,2.9249575,3.885788,3.8722568,3.774411,4.9210434
mlp_0_0_outputs,5,-0.07570013,0.16340952,0.6600382,0.17558028,-0.055552624,0.106819004,0.16379923,-0.19534108,0.097634144,0.13021386,0.10360651,0.072255425,-0.2082658
mlp_0_0_outputs,6,-0.42349854,-0.08252921,-0.15132022,0.047655385,-0.046135526,0.021927482,0.14617503,0.12371219,0.29134896,0.4115562,0.26581678,0.09921043,0.5154329
mlp_0_0_outputs,7,0.08171231,0.7857955,0.5162679,0.17439748,0.2018962,-0.2057891,-0.00817388,-0.448444,-0.3118958,0.367732,-0.4822303,-0.31181523,-0.49322975
mlp_0_0_outputs,8,-1.2816706,1.608379,2.525829,4.4253116,2.5296533,2.3539114,0.3609475,-1.7653191,-2.5443535,-3.580055,-6.193198,-6.4855633,-8.331913
mlp_0_0_outputs,9,-8.564401,-1.625445,0.5178799,0.6328691,0.5973858,1.6747756,1.4376533,1.3882464,1.8158469,0.22807683,0.14896287,-0.38110095,-3.2644038
mlp_0_1_outputs,0,-0.12821753,0.33710042,-0.15111168,-0.16861121,0.22362737,-0.1183049,-0.16830489,0.3936144,-0.03096283,0.674396,0.9974051,0.26314038,-0.3734675
mlp_0_1_outputs,1,-0.30861694,-0.069534,0.63463545,0.45141712,0.31191126,0.11212152,0.30374214,0.0056238496,0.23039714,0.15758543,0.25865936,0.096716054,-0.18554063
mlp_0_1_outputs,10,7.482654,3.636069,3.6126883,4.0289297,2.447175,1.6010818,-0.67374593,-3.2333648,-5.9446635,-5.916192,-11.532779,-13.9562235,-17.061737
mlp_0_1_outputs,11,-9.648298,-1.5993016,-0.93136525,-0.7707205,-0.04248386,1.4162313,1.8616174,2.2580135,2.5419393,0.42371586,1.3543384,0.43654123,-2.8342428
mlp_0_1_outputs,12,-5.9306564,-8.007178,-8.810685,-5.7596993,-3.817483,-2.3940268,-1.5414038,0.27980497,2.029694,1.9631331,3.4225547,3.4225564,4.1815777
mlp_0_1_outputs,13,-0.6637921,0.6024752,1.029759,0.45884296,0.10249699,0.116990305,0.48562497,0.4509316,0.3806356,-0.12511735,-0.43450224,-0.688387,-0.746374
mlp_0_1_outputs,14,-1.6567696,0.41773292,-0.20099674,0.25602815,-0.014751668,1.3493384,0.22606683,0.107578754,-0.6999824,1.2802918,-0.94742435,-0.6445028,-1.1465807
mlp_0_1_outputs,15,0.01982391,-0.041134115,0.39629352,0.013895736,0.41966513,-0.16147757,-0.20493232,0.04044229,0.22246069,0.18033761,-0.17969298,0.096705005,-0.24935234
mlp_0_1_outputs,2,-0.36577824,0.10066057,0.19967185,0.44330448,0.01753165,0.13197637,0.15386507,0.08848686,0.39637968,-0.083721876,0.24636258,0.08442812,-0.0900522
mlp_0_1_outputs,3,-1.103385,-1.2030122,-0.82245994,-0.24396126,-0.2626775,-0.20846501,-0.22782995,-0.36748153,-0.098809555,0.44618928,0.61229485,1.0545136,0.8889819
mlp_0_1_outputs,4,0.3706146,0.25578278,0.20578794,-0.5419182,0.2482905,0.1181591,0.44821662,-0.1450712,0.26842976,-0.032565624,-0.033665556,-0.50078773,-0.09715038
mlp_0_1_outputs,5,-17.043198,-8.985208,-8.618265,-6.4047065,-2.5312004,-1.6282676,0.4525594,2.358994,2.2942598,3.2053425,3.7854996,3.7415044,4.080291
mlp_0_1_outputs,6,-0.31278324,0.22261892,0.6840544,1.1447237,0.3284121,-0.2237518,-0.033448312,0.23265806,0.018531613,0.06341224,-0.19484927,-0.28561974,-0.28492942
mlp_0_1_outputs,7,-1.5354712,0.08326229,0.058457475,0.09779014,0.59934574,0.16402178,-0.12242111,-0.06778319,0.4324806,0.139865,-0.53191984,-0.057091642,-0.80728805
mlp_0_1_outputs,8,-2.2356992,-0.17747948,0.19422518,0.13583441,0.5325636,0.6589341,0.7683401,1.0107191,0.5306665,-0.06496946,-0.58160365,-1.0121139,-0.8089918
mlp_0_1_outputs,9,-0.073226735,0.5959758,0.36225745,0.6392376,0.54645175,-0.15321165,0.58433735,-0.06912799,0.06659874,0.45453376,-0.41044542,-0.59081614,-0.5358519
mlp_0_2_outputs,0,-3.3880537,-5.6431794,-2.9067364,-2.616902,-2.0754879,-1.8001201,-0.9722671,0.127287,1.3789755,1.4038577,2.079506,2.12419,2.7803595
mlp_0_2_outputs,1,-0.2330333,0.17502108,0.21143603,0.13453735,0.36310872,0.5530038,0.2658304,0.23862179,-0.16638328,0.01208464,-0.2214442,-0.27632496,-0.24156705
mlp_0_2_outputs,10,0.10066295,0.3477557,0.30631664,-0.33374926,0.36305493,0.15509634,-0.005376969,0.4208613,-0.14974669,0.04864835,0.2239635,0.19772922,0.42773652
mlp_0_2_outputs,11,0.24635728,-0.025441894,0.4387046,0.044064205,0.1721049,0.32113546,-0.010340187,0.59641135,0.5726394,-0.23488525,-0.25347918,-0.021388926,0.3935342
mlp_0_2_outputs,12,2.3980618,3.4990046,3.194613,2.4939594,2.5110807,2.2762482,1.1380881,-0.25362405,-2.4011736,-3.483566,-5.716597,-7.218916,-8.030653
mlp_0_2_outputs,13,-0.35853276,-0.04697375,0.72506464,0.70115316,0.45658094,0.42175558,-0.045720622,0.032216236,0.50883013,-0.12402768,-0.22040671,-0.3245298,-0.3696781
mlp_0_2_outputs,14,2.237436,3.6526926,2.4917412,1.7078035,0.879005,-0.09779999,-0.91468745,-2.1161425,-2.916697,-4.725004,-6.4507685,-7.4260893,-9.043944
mlp_0_2_outputs,15,0.3644204,-1.674701,0.017612932,0.85903746,1.0308698,1.0672357,1.1559511,0.84228283,0.9276984,-0.10096057,-0.33361423,-0.16072932,-0.76591825
mlp_0_2_outputs,2,0.019384226,-0.08337972,-0.19025187,-0.109000675,0.3446853,-0.2315953,0.41204694,0.20989639,-0.22295736,0.02012297,-0.18693563,0.36395204,0.07289029
mlp_0_2_outputs,3,-0.20526421,0.25103688,0.26397333,0.34324047,0.18977098,-0.025150336,0.2827059,-0.03144893,-0.25053495,-0.0985986,-0.14646187,-0.02465388,-0.02923608
mlp_0_2_outputs,4,-0.4745119,0.69892466,0.5297832,0.8235108,0.95361125,0.35354817,0.3083178,0.40888527,0.35713288,-0.34230447,-0.91920966,-1.3045183,-0.908413
mlp_0_2_outputs,5,-3.2762716,-3.0994403,-1.0794842,-0.83691037,-0.2502922,-0.026684435,0.6440459,1.3587643,1.410789,1.1899225,1.3529977,0.7702308,0.08066628
mlp_0_2_outputs,6,-0.38477567,0.71813726,0.568718,0.21522842,0.2847097,0.09670432,-0.5457775,-0.063856296,-0.6424033,0.2976087,-0.105139345,-0.6210699,-0.2213282
mlp_0_2_outputs,7,-0.032284867,-1.5943604,-0.32795426,0.34200126,0.6996432,0.69418114,0.8408771,0.8702151,0.9238116,0.47405985,0.35454398,0.30735603,-0.562414
mlp_0_2_outputs,8,-3.1911504,-0.31097856,0.20150466,0.102969535,0.5184047,0.492647,0.4205225,0.9656606,1.1688468,0.1422346,0.14636688,-0.54611945,-1.0910258
mlp_0_2_outputs,9,-0.58566386,-0.17430206,0.28162175,-0.2682804,0.53205824,-0.07729974,0.76282966,0.68411106,0.20972149,0.05792934,0.1592955,0.09075024,-0.25002867
mlp_0_3_outputs,0,2.1936545,3.7485013,3.217885,3.2489464,2.5964303,2.5592625,0.8437217,-0.1051118,-1.4986529,-3.0590787,-4.4656725,-6.450198,-10.628187
mlp_0_3_outputs,1,0.39905903,0.014978611,-0.079340465,-0.2072069,0.7021607,0.26113182,0.03718479,0.17170256,-0.05940722,-0.6101357,-0.047181193,-0.07688344,-0.09526898
mlp_0_3_outputs,10,-5.6358314,-4.803509,-4.0900617,-1.7010348,-1.119318,0.60866004,1.6329966,1.950714,2.733505,3.1974685,2.2228425,1.76991,-1.6650714
mlp_0_3_outputs,11,-0.42602298,-0.70923114,-0.88219714,-0.3025338,-0.31738386,-0.10821581,0.47299972,0.5137342,0.15023494,0.114039026,0.3730041,0.5501436,0.38467547
mlp_0_3_outputs,12,6.090825,5.601158,4.770487,3.8208225,2.4338796,0.6801005,-0.92055506,-2.106992,-3.7292266,-5.81164,-7.3035445,-9.465609,-11.976495
mlp_0_3_outputs,13,-3.263279,-1.8913686,-1.3034534,-0.081105515,0.5123728,1.5719658,2.7100148,2.8906472,2.0646267,0.6802723,-0.29642108,-1.6809804,-4.725356
mlp_0_3_outputs,14,0.21139167,0.030508347,0.43862686,0.74671024,0.078470714,-0.100536875,0.22000979,-0.23403214,-0.1446566,0.11909085,-0.105193645,-0.314742,-0.2124412
mlp_0_3_outputs,15,-19.184313,-16.35991,-13.199801,-8.914472,-6.1224833,-4.473801,-1.6484168,-0.110536315,1.1242133,2.434658,4.248466,5.7476225,7.16277
mlp_0_3_outputs,2,0.28022572,-1.4417979,-0.6379312,0.044804588,0.55480313,1.1222358,1.3067255,0.975649,0.49942073,0.29935098,0.28870517,-0.7129437,-1.234485
mlp_0_3_outputs,3,-0.6132598,-0.1770077,0.080596425,0.75106555,0.9304088,0.5486243,0.25684565,-0.1447004,-0.19615734,-0.37669542,-0.45262122,-0.008006132,-0.13080713
mlp_0_3_outputs,4,2.0587327,2.2213688,1.5600966,1.6778651,0.9099665,0.14592539,-0.67576593,-1.7442621,-2.4689915,-2.9887009,-3.677474,-3.9858325,-3.2866066
mlp_0_3_outputs,5,-0.12564525,-0.18353279,0.4159698,-0.12044448,0.4787236,0.118417665,0.26259208,0.08793413,0.073724754,0.20568554,0.26495576,0.6846068,0.41535416
mlp_0_3_outputs,6,-0.94684356,-1.0040282,-0.40115893,0.47159588,0.16834247,0.33957627,0.8880532,0.50375736,-0.1726625,0.2850403,0.4411252,0.437491,-0.05932356
mlp_0_3_outputs,7,-0.06330209,-0.037123892,0.44740644,0.23248374,0.09251219,0.16634886,0.23371227,-0.12616579,-0.52799016,-0.001921637,-0.24889594,0.5566243,0.22372882
mlp_0_3_outputs,8,-1.9058884,-2.733601,-0.91361374,0.3206709,0.65613145,0.92194796,1.2937552,1.463828,1.099732,0.88834214,0.7228752,0.14552476,-0.6310193
mlp_0_3_outputs,9,-0.46195808,-0.41938657,-0.5951622,-0.09833489,-0.5481586,-0.45636177,-0.37970898,0.5872479,0.42235067,0.59991133,0.7591334,0.9875991,0.5901316
mlp_1_0_outputs,0,-7.589034,-9.293202,-5.666273,-3.50752,-2.7575881,-1.5671078,0.36750138,1.3125846,1.7520504,2.5566432,2.6589222,3.7214465,3.5107095
mlp_1_0_outputs,1,-0.63208497,-0.38102117,-0.48275778,-0.13886322,0.36248106,0.034352932,0.32581326,0.1946445,0.60312414,-0.3284651,0.40103617,0.18201712,0.110468015
mlp_1_0_outputs,10,4.7494392,4.677753,4.9974427,4.221011,2.8460345,1.2098984,-0.45752144,-2.9670575,-4.568491,-6.5341415,-9.152276,-10.514609,-12.023768
mlp_1_0_outputs,11,0.41491243,0.43895662,0.68202287,0.66333616,0.2114006,0.35664177,0.58959603,0.69978845,0.6150623,0.23299752,-0.12399367,-0.1456228,-0.23771466
mlp_1_0_outputs,12,-0.77420825,-0.59451234,-1.2336336,-1.2503415,0.5452565,1.1496258,1.2970616,1.1651313,0.82728165,0.60034776,-0.22657397,-0.2050109,-0.37640122
mlp_1_0_outputs,13,-0.34924686,-0.063957915,0.3813987,1.6230328,1.5837904,0.036639858,0.06852808,-0.23409614,-0.5264556,0.22887412,-0.5102741,-0.61366194,-0.37250903
mlp_1_0_outputs,14,-5.563009,-8.130594,-9.7741,-7.7870626,-4.730206,-2.621381,-1.182149,0.1231688,1.980993,2.3337102,3.083266,3.2504194,3.5655534
mlp_1_0_outputs,15,-0.46866074,0.050175976,0.052846417,0.097645134,0.6843246,0.09885844,0.607745,0.16222242,-0.20436722,-0.011028488,-0.10571652,-0.04730811,0.0548208
mlp_1_0_outputs,2,1.6985439,2.7484288,2.245775,2.4487014,1.758819,1.6082332,1.236025,0.6023891,-0.04806658,-0.9898575,-2.2519877,-3.2102237,-5.7060046
mlp_1_0_outputs,3,-0.15770434,0.057240926,0.15087491,0.33986464,0.7682143,0.055642523,0.24475014,-0.23305033,-0.20491756,0.09403345,-0.04827415,-0.099428706,-0.29709062
mlp_1_0_outputs,4,-0.39389703,-0.07729383,0.9848196,1.942494,1.7011256,0.67751884,0.23892453,0.064984225,-0.50062114,-0.13126157,-1.207834,-1.0650704,-1.0071933
mlp_1_0_outputs,5,2.6110132,1.8616803,0.22579604,0.6285327,0.6714022,-0.26501092,-0.118206784,-0.82553303,-0.9414901,-1.575414,-2.6282592,-3.4622676,-4.548227
mlp_1_0_outputs,6,-0.2599179,-0.3759288,-0.20326175,-0.23931094,1.298776,0.95840454,0.70880175,0.8052421,0.41632175,0.04176427,0.2420982,-0.012619364,-0.3065997
mlp_1_0_outputs,7,-0.7537656,0.40729967,-0.49354059,0.3872102,0.808115,0.49153367,0.4085842,0.07609242,0.16533193,0.024860626,0.0723949,-0.045289926,-0.76019
mlp_1_0_outputs,8,-1.2606957,-0.71203786,0.28907225,1.2091666,1.5437576,1.1252229,1.1756043,1.1425431,0.6806917,0.29721925,-0.43810773,-0.9671931,-2.121374
mlp_1_0_outputs,9,-0.2228826,0.0031764335,0.46921632,1.3485162,1.1800338,0.50380373,0.5887687,0.042376403,0.06868423,-0.4148736,-1.1175793,-0.5394822,-0.49049452
mlp_1_1_outputs,0,4.418456,4.622553,2.4791012,0.5323572,-3.6610103,-2.8859808,-3.0759451,-2.479648,-2.5739846,-1.7713547,-1.6849865,-2.7563486,-0.9444704
mlp_1_1_outputs,1,6.5123396,4.815457,2.9731495,2.960711,2.6907372,1.4588144,-0.17641176,-2.4411354,-4.5830936,-6.380929,-8.183026,-9.122771,-12.154491
mlp_1_1_outputs,10,-3.6267896,-1.7369504,-1.0252663,-0.26920897,0.29286662,1.006441,0.9603634,1.2990918,0.7037312,0.44635546,0.56487805,0.101314634,-1.2760752
mlp_1_1_outputs,11,-5.4821386,-1.9942439,-0.9572875,-0.042678755,0.34324062,0.40563434,1.2188454,0.9133881,-0.20873445,0.1340176,0.2843333,0.15700854,-0.0760304
mlp_1_1_outputs,12,-0.53170323,-0.03689329,0.40546116,-0.10736952,-0.28155118,-0.23149236,-0.0045662033,-0.30774486,-0.07714412,-0.5096206,-0.11190405,-0.11629312,0.055402525
mlp_1_1_outputs,13,-3.57492,-4.9652085,-4.5621295,-3.3038402,-2.4728131,-1.9705174,-1.4810574,0.15608135,0.62851244,2.1839805,3.062088,4.333601,4.822513
mlp_1_1_outputs,14,0.3039875,0.18242158,-0.06806311,0.08949243,0.042134985,0.32667148,0.14185116,-0.051440973,0.32331988,0.30163825,-0.020873735,-0.29112402,0.3778912
mlp_1_1_outputs,15,-3.9574542,-2.6487763,-2.0730221,-1.8809283,-0.21892306,-0.3535818,-0.5374604,0.04590747,0.30717322,1.5793014,2.0117972,2.7013266,2.3424904
mlp_1_1_outputs,2,-0.042862672,0.048002396,0.2799352,0.1315096,-0.08648333,0.20496257,-0.5320497,-0.38710055,0.6930849,0.24525027,0.03743222,0.27516052,-0.18588713
mlp_1_1_outputs,3,-0.6798774,-0.09182153,0.04265787,0.07146557,0.24082732,0.111893184,0.44340426,0.5247222,0.5202904,-0.112756856,0.47712582,-0.26209924,-0.38400286
mlp_1_1_outputs,4,-0.2580195,0.51842546,0.36998877,0.4241966,0.4718175,-0.014157788,0.37819096,0.0083636325,-0.33795443,-0.4964116,0.0005660667,0.15196057,-0.31361145
mlp_1_1_outputs,5,-0.5162118,-0.05590071,-0.025422161,-0.23117149,-0.12586659,0.06767658,-0.03513318,-0.27509433,0.8438867,0.20478915,0.13230807,0.12861004,0.12832654
mlp_1_1_outputs,6,-0.8593551,-0.10294125,0.23536856,0.31202373,0.36917377,0.65115935,0.8041045,0.5737941,0.18110718,-0.122384965,0.20533745,0.25529036,-0.20647213
mlp_1_1_outputs,7,0.13793918,0.10906677,0.5623545,0.010015295,-0.0451484,-0.22641394,0.16881593,-0.2761572,0.43395063,0.13180645,0.31435585,0.20106359,0.23807456
mlp_1_1_outputs,8,-0.95270336,0.6404607,1.5122548,0.5583464,-0.30466086,0.20755568,-0.4040706,0.8227592,0.07709289,-0.43220127,0.23821488,-0.00512533,-1.1520413
mlp_1_1_outputs,9,-0.90225315,-0.7505643,-0.5759327,-0.29365417,-0.6032551,-0.87054455,-2.0204113,-2.8724842,0.44013253,1.5919304,1.565589,2.193582,1.1996005
mlp_1_2_outputs,0,-0.66644764,-0.5811072,-0.16708787,-0.07229731,0.049405348,0.08744635,0.7234886,0.6617873,-0.048104502,-0.05404033,-0.108636096,-0.010174191,-0.16529942
mlp_1_2_outputs,1,6.28544,5.330399,4.390091,3.5170093,2.4967265,0.9135383,-1.161113,-4.4459777,-7.18374,-8.588308,-11.535076,-9.384161,-8.840031
mlp_1_2_outputs,10,3.67253,2.72392,0.17422009,-0.9745202,-0.7051246,-0.71129274,-0.55468386,-1.0596316,-1.6282916,-2.397748,-2.8697622,-4.3536963,-4.311683
mlp_1_2_outputs,11,-11.178513,-16.999027,-14.411963,-11.024022,-8.282389,-5.275259,-2.293366,-0.34403023,1.0953382,2.9378686,4.1572514,4.930225,5.095288
mlp_1_2_outputs,12,-0.58096844,-0.62958217,0.24316053,-0.29444572,0.14280228,-0.43745863,0.7048162,0.63554436,0.36992672,0.7032267,0.5818311,0.38803953,-0.9655176
mlp_1_2_outputs,13,-1.3893125,-1.2481974,-0.94519436,-0.17538692,-0.10004277,0.18887149,0.9780415,0.9170927,0.9057028,0.7454366,0.5033657,0.4269817,0.050870463
mlp_1_2_outputs,14,0.045885608,1.4492589,1.6413889,1.6823175,1.7149562,0.9198908,1.2856886,1.1611902,-0.4101243,-0.9653664,-1.807457,-2.8531055,-4.134771
mlp_1_2_outputs,15,-2.2074616,-1.0100689,-0.031367816,1.2521741,1.3867445,2.0182536,2.3521917,1.7241379,0.78174525,0.28589508,-0.5573814,-1.151488,-3.0668843
mlp_1_2_outputs,2,-0.71441007,-0.11334363,-0.98210627,-0.11386263,0.37273473,0.47282627,0.61170995,0.7675652,0.5398887,0.30719486,0.21839167,-0.109741084,0.078278214
mlp_1_2_outputs,3,-1.623833,-0.3076919,0.16850929,1.1167116,0.8923784,0.750796,1.1687146,0.68502945,0.3942547,0.015361143,-0.48519933,0.06129581,-0.71330005
mlp_1_2_outputs,4,-0.85531354,-0.96198964,-2.068913,-0.9966271,-0.5087173,0.29862568,1.1378739,1.578006,1.4100356,1.0851811,0.45279863,0.09620176,-0.67539245
mlp_1_2_outputs,5,-1.2947278,-1.342545,-0.49680355,-0.15232576,0.21028455,0.5990702,2.1055038,2.2014105,1.9334579,1.7495059,0.95509005,-0.48329088,-3.6253407
mlp_1_2_outputs,6,-0.04059977,0.078594856,0.6886468,0.99672604,1.2840519,0.84793293,0.61303216,0.16756304,-0.25089246,-0.7077352,-0.5507794,-0.6428388,-1.059993
mlp_1_2_outputs,7,-0.44842833,0.7674792,2.4487514,2.491704,2.1598828,1.3922263,0.20579305,-0.97923696,-0.73332053,-1.5988297,-2.061744,-3.936496,-4.2918134
mlp_1_2_outputs,8,-0.397353,-0.1426236,-0.9803938,-0.16896176,-0.17598602,-0.15366428,0.3812486,0.8317026,0.76578015,0.23715672,0.0068266573,-0.4436841,-0.12383393
mlp_1_2_outputs,9,-1.3153753,-1.2165278,-0.62325484,0.07455644,0.62520844,0.8532438,1.7211797,1.8365312,1.2125746,0.4704545,-0.22333598,-0.5021995,-1.6128242
mlp_1_3_outputs,0,-0.11075435,-0.102526315,-0.6669501,-0.48548573,-0.07995195,0.12326591,0.35465184,0.36285213,0.7570405,-0.036788777,0.5899096,-0.30302694,-0.47825223
mlp_1_3_outputs,1,1.9688772,2.1142006,1.566423,1.6698433,2.0210803,1.712159,1.4814014,0.74582857,-0.48992625,-2.3451767,-3.3328135,-5.7987223,-9.438412
mlp_1_3_outputs,10,0.2794775,0.54598963,0.90221035,0.543116,0.32088655,0.40537226,0.80054986,1.5199304,0.5738306,0.1042311,-0.16670798,-2.1574306,-3.0191548
mlp_1_3_outputs,11,-0.51514876,-0.44872653,0.22234876,-0.001889962,0.28114203,0.52587944,0.3185716,-0.9751003,-0.016865525,-0.31423056,-0.371801,-0.7037952,-0.009530837
mlp_1_3_outputs,12,-0.41023913,0.011949572,8.553499e-05,0.0354773,0.32239416,-0.29868808,0.024020948,0.7431726,0.40553057,0.27521133,0.4198551,0.3709649,0.14261991
mlp_1_3_outputs,13,-1.1023389,-0.79514235,-0.16050388,-0.4610686,-0.40760538,0.12733243,0.10605599,0.108563386,0.5035569,1.0305638,0.93160063,0.56757367,0.64253926
mlp_1_3_outputs,14,-0.28939188,-0.42186818,0.056992564,-0.260173,0.5565561,-0.06257818,0.16148834,0.09303812,0.051946487,0.24941505,0.14548443,0.2627041,-0.05390171
mlp_1_3_outputs,15,0.275066,0.3771506,-0.06371782,0.43765357,0.30979034,0.053188737,0.08563459,0.07635587,-0.20125657,0.0706824,0.2689634,0.17592223,-0.031408865
mlp_1_3_outputs,2,7.0736237,5.4142957,4.543578,3.675665,3.0323017,1.6817626,0.58916324,-0.89543426,-3.2431533,-5.9793673,-7.9049172,-12.322482,-15.980435
mlp_1_3_outputs,3,-0.44212437,-0.008280135,-0.8122303,-0.010121661,0.61001927,0.3838913,0.42304376,1.200851,0.6427029,0.63590425,0.58159673,0.16421846,-0.2225288
mlp_1_3_outputs,4,0.39965656,0.09756784,0.30547148,0.19957766,0.5677303,-0.10201708,0.30821562,0.063784696,0.390183,-0.20108603,0.44851986,0.2659323,-0.1842287
mlp_1_3_outputs,5,-0.3852073,-0.06749979,0.7147454,0.4613293,0.92195314,0.3354207,0.30701914,-0.09009272,-0.27468297,0.057108324,-0.25011647,-0.54128647,-0.70199114
mlp_1_3_outputs,6,-9.261542,-8.38661,-6.602478,-5.7430935,-4.3524566,-3.511837,-1.6602647,-0.30258405,0.9905876,2.2422035,3.615124,4.86534,5.7917004
mlp_1_3_outputs,7,0.32361132,-0.16231117,0.5276921,0.48403442,0.34088293,0.05492954,0.2763278,0.44118208,0.20810258,-0.077710524,0.9882229,-0.1768069,0.081589185
mlp_1_3_outputs,8,0.0074576093,-0.104971126,0.14465792,-0.03622999,0.35444382,-0.14346546,-0.17698587,-0.067846484,-0.24471913,-0.40511742,-0.36479405,-0.61660516,0.07534168
mlp_1_3_outputs,9,-1.0972228,-0.956558,-1.0137929,-0.5765558,-0.7124159,-0.5394924,0.09734009,0.35709465,0.56564033,0.6646028,1.5293297,1.9355655,2.2161162
mlp_2_0_outputs,0,1.7055482,1.5758084,1.5806568,1.1529648,0.9451452,0.8029117,0.52194333,0.23068208,-0.2715547,-0.66769147,-0.985965,-1.2134151,-2.0510702
mlp_2_0_outputs,1,0.2570793,-0.088189654,0.034722745,0.26636058,0.2233401,0.23003156,0.08706868,0.11146071,0.09206828,-0.103489764,-0.10168603,-0.07444217,-0.22285713
mlp_2_0_outputs,10,1.1562774,0.045883417,0.18547207,-2.1174684,0.2757172,0.27855948,0.51800317,0.39013705,0.50545657,-0.0855227,0.37150612,-0.15055013,-0.56562996
mlp_2_0_outputs,11,-0.10830301,-0.29065156,-0.09784067,0.93120426,-0.088558994,0.24248798,0.24362451,-0.041393805,-0.045005355,-0.2134856,-0.029182162,-0.2264878,-0.32592475
mlp_2_0_outputs,12,0.071571335,0.23323724,0.030128855,0.40175927,0.10214508,0.104765765,-0.13066116,-0.0040318253,0.058381226,-0.7050113,-0.0291306,-0.17739663,-0.34225315
mlp_2_0_outputs,13,0.2903323,0.5593327,0.52305233,0.987252,0.21579105,-0.049923785,-0.06767614,-0.04577957,-0.19108714,-0.40653098,-0.7352835,-0.061934978,-0.89298177
mlp_2_0_outputs,14,-0.047249,-0.058480866,0.5563083,0.014260523,0.4313379,0.26680145,0.44633988,0.01573903,0.3610268,0.19421723,0.022429798,-0.101294495,-0.519699
mlp_2_0_outputs,15,0.15087232,-0.005799542,0.07937375,1.0914165,-0.04765569,0.23758413,0.26671287,0.15023671,0.18725532,0.054252736,0.03200182,-0.17513573,-0.0074078287
mlp_2_0_outputs,2,0.044010602,-0.18323198,0.28074715,1.4509097,0.39736515,0.4291211,-0.030239277,0.076122746,0.15376297,-0.016459692,-0.22043195,-0.5937411,-0.18994312
mlp_2_0_outputs,3,-0.33147594,-0.119923264,0.12874536,-0.49746886,-0.24557956,-0.33547866,-0.21867116,-0.0045206524,0.28202954,0.213079,0.6723194,0.9076065,0.6656689
mlp_2_0_outputs,4,-0.2733308,0.2981888,0.32663277,-0.14727534,0.19891062,0.071374446,0.24463584,0.29084978,0.5684835,0.63975924,1.1045456,1.3185732,1.0611107
mlp_2_0_outputs,5,-0.39606726,-0.21308553,0.10986522,0.0020554098,0.022509066,0.22433992,-0.013237916,0.15715194,0.28803256,-0.29830545,0.12729847,-0.24196514,-0.41142026
mlp_2_0_outputs,6,-0.036774542,0.079802364,0.26608935,1.6092063,-0.006002238,0.19823766,-0.15293567,-0.19307455,-0.13497171,-0.3776942,-0.31783274,-0.3948128,-0.69768864
mlp_2_0_outputs,7,-0.31938174,0.23454311,0.10443478,0.50634694,0.15609719,0.069613196,0.003287018,-0.017297074,0.1955743,0.016948873,0.04863719,0.18369578,-0.26309213
mlp_2_0_outputs,8,-0.019498179,-0.12694344,0.3381061,-0.6399038,0.17735347,0.08471482,0.21977413,-0.23335716,-0.25763586,-0.06651062,-0.31671247,-0.01945919,-0.3886919
mlp_2_0_outputs,9,1.2812974,1.8480587,1.3996108,0.95273,0.81716734,0.7420307,0.5501398,0.31189814,0.18933992,-0.22558141,-0.10009237,-0.46032044,-1.3383403
mlp_2_1_outputs,0,1.5932382,1.2576061,1.423917,0.79965776,0.89375323,0.9659316,0.61373496,-0.028998911,-0.018466651,-0.9836428,-1.2027962,-2.1675172,-3.4656343
mlp_2_1_outputs,1,-0.2145019,-0.3769602,-0.055695474,0.0626127,0.2765623,-0.12857668,0.41059017,0.1492247,0.2183379,0.33520207,0.25840613,0.28646028,0.10450155
mlp_2_1_outputs,10,-0.24429516,0.041957654,0.54628134,0.51506746,0.6713677,1.1884484,0.4715482,0.39874202,-0.2367544,-0.24805644,-0.20264727,-0.6454088,-1.5180017
mlp_2_1_outputs,11,0.67824113,0.45668066,0.6754037,0.11202507,0.30590993,0.25255775,0.36564463,0.053921577,0.21865954,0.18144031,0.8833165,0.5688175,0.58849806
mlp_2_1_outputs,12,-0.120496586,-0.27723515,-0.11223896,-0.025586098,-0.041764256,0.035316266,0.1779107,0.14291494,0.46925047,0.047838714,0.5273223,0.43228015,-0.15617858
mlp_2_1_outputs,13,0.68974984,0.6265818,0.6767089,0.57900864,0.45364955,0.69100714,0.59574765,0.6320238,0.50847673,0.43245035,0.9530704,1.0410831,0.26192924
mlp_2_1_outputs,14,0.034901693,-0.052526757,0.51381844,0.13178694,0.05401033,0.2608929,0.35559332,0.04981647,0.38785183,-0.04166652,0.14142033,-0.014715841,-0.78516257
mlp_2_1_outputs,15,0.34250814,-0.06276671,0.3374761,-0.22678356,-0.22801498,-0.23359886,-0.15127602,-0.30166447,-0.03589452,-0.1446472,0.55764425,0.6894103,0.30274475
mlp_2_1_outputs,2,-0.292539,-0.09223951,-0.0055542095,0.09307735,0.31075776,0.37625077,-0.14187923,0.5793391,-0.042055983,0.53716075,-0.35310054,0.1723819,-0.13085379
mlp_2_1_outputs,3,-0.35888714,0.3720566,0.052162398,0.13932939,0.27192938,0.5821224,0.3670945,0.32684526,0.19105822,0.09127594,-0.2772255,-0.0038881626,-0.3381103
mlp_2_1_outputs,4,0.202005,0.27246636,0.58887243,0.47633561,0.22803035,0.49068344,0.4612264,0.2286774,0.5954157,0.64630216,1.3129528,1.0941005,-0.0046100933
mlp_2_1_outputs,5,-0.56551015,-0.31184268,-0.051031932,-0.19560902,0.30219513,0.3628574,-0.37983233,0.07679742,0.46307,0.3755794,0.049217463,0.8953602,0.558812
mlp_2_1_outputs,6,-0.055435196,-0.2787225,0.109582,0.024437668,-0.00036017247,0.2307288,0.44284025,0.99176663,0.31880268,-0.09881973,0.26705065,0.40396294,-0.052211016
mlp_2_1_outputs,7,-0.06389837,-0.19316253,0.08704041,0.23494491,0.59843886,0.32632867,0.13009523,0.08481188,-0.19716622,-0.123876095,0.70956963,0.5818913,0.4006202
mlp_2_1_outputs,8,-0.3594503,-0.16848597,0.17868555,-0.08659376,0.26278675,-0.25676802,0.61549187,0.36155486,0.30759797,0.18789572,0.49840552,0.2832023,-0.4315256
mlp_2_1_outputs,9,-0.16071467,-0.008654039,0.12574114,0.17614636,0.46807835,0.6723311,-0.013496335,0.7200105,-0.30291453,-0.15383308,-0.2889995,-0.23179582,-0.50358754
mlp_2_2_outputs,0,2.180117,2.0802572,1.2051185,0.80185354,-0.26945293,-2.2098398,-1.555102,-1.0331423,-0.2622782,-0.4110449,-0.87701905,-1.261156,-2.491448
mlp_2_2_outputs,1,0.40427125,0.8401359,0.67456937,0.92805445,1.4971384,1.3122534,1.1457998,1.378297,0.46256596,0.5835888,0.20181754,-0.10595419,-1.2763671
mlp_2_2_outputs,10,0.16802578,0.20494744,0.21328224,0.5183063,0.47072077,0.22967842,-0.71812624,0.17605492,0.18264174,0.09718906,-0.11415657,-0.32699022,-0.18170477
mlp_2_2_outputs,11,-0.47414672,-0.29720178,0.005423764,0.17281295,0.5307522,0.39725962,-0.8921475,0.37092847,0.28761843,0.22388083,0.400328,0.40268376,0.21224192
mlp_2_2_outputs,12,0.86306655,1.1692846,0.8408504,0.8485201,1.0797857,0.77596587,0.38502067,0.5430309,0.11072039,-0.003211117,-0.47115058,-0.9222579,-2.158695
mlp_2_2_outputs,13,-0.3985396,-0.47144625,0.009034726,0.22589357,0.20586665,0.14026661,0.6350073,-0.00036620945,0.014532502,0.22772944,0.24035753,0.4123655,-0.20115428
mlp_2_2_outputs,14,-0.5909806,-0.20830855,-0.6958762,-0.23788922,-0.19727314,-0.28923965,0.7513961,-0.16145009,-0.014387842,0.22306058,0.31491718,0.3736751,0.07289466
mlp_2_2_outputs,15,-0.29637825,0.0026149591,-0.17796703,0.2797059,0.44894844,0.12967567,0.85984975,-0.3662473,0.15430704,0.30851454,0.033278994,-0.17115732,0.09532517
mlp_2_2_outputs,2,-0.7204896,-0.039167356,-0.22583148,-0.06723301,0.58329874,0.045268573,0.8931885,-0.09145918,0.29459995,-0.06504172,0.14947653,0.23093837,-0.06332456
mlp_2_2_outputs,3,-1.98801,-0.31713358,0.5651932,-0.011469295,1.6981337,0.72430617,0.429024,0.362359,0.8195473,0.66980565,0.89249384,1.2143934,1.3377689
mlp_2_2_outputs,4,-0.22074375,-0.038519084,0.3075567,0.24190205,0.36052144,0.023542495,0.4287099,-0.12468127,0.41394407,-0.30247557,0.2758766,-0.002728777,-0.7018855
mlp_2_2_outputs,5,-2.6901114,-4.692952,-3.7166102,-2.3731246,-0.9190144,-0.51685995,-0.027667146,0.5657645,1.0101568,1.5509505,1.5881752,2.0902345,1.8787327
mlp_2_2_outputs,6,1.2440372,1.3962555,1.0619143,1.2040827,1.437892,1.3787266,1.0159302,-0.35175887,-0.14895608,-0.07566941,-0.95233476,-0.9350158,-2.0451286
mlp_2_2_outputs,7,-1.6979437,-2.10303,-2.4137838,-2.235245,-2.2662644,-1.7300607,-1.3878357,-0.72134614,0.18783382,0.97019607,1.6203371,1.9017748,1.8218682
mlp_2_2_outputs,8,0.34299222,0.3610437,0.38522497,0.25253603,0.11331564,0.31806323,-0.12728027,-0.052869618,-0.023172503,0.24679974,-0.24228446,-0.45742166,-0.2824398
mlp_2_2_outputs,9,0.44219437,0.03679021,0.3857459,0.51649594,0.6360974,0.31927416,0.79007715,-0.33635405,0.108757615,0.31612426,-0.15867244,-0.036308795,-0.043422017
mlp_2_3_outputs,0,0.22857392,0.044378888,0.32110125,0.51994383,0.15093046,0.47009858,0.03686072,0.69931096,0.23583543,0.000908533,1.5363648,1.1593919,-0.4246102
mlp_2_3_outputs,1,1.0137413,0.6608313,0.3484768,0.5588052,0.3521848,0.7047047,0.2717676,0.756194,0.055503078,-0.0677753,1.3043447,0.7969662,-0.19016716
mlp_2_3_outputs,10,0.040254887,-0.08236281,-0.27885187,-0.033216674,-0.034941137,0.5155612,0.14102544,0.8622826,0.3326553,0.18819292,1.5565114,1.0103449,-0.021837436
mlp_2_3_outputs,11,-0.011885012,-0.18518199,-0.04593209,-0.074051164,-0.0980384,0.49788684,0.14059561,0.92611,0.21966462,0.06302871,1.4590695,1.0090245,-0.53424644
mlp_2_3_outputs,12,-0.060249627,0.15920427,0.07475441,0.85281956,0.22461136,0.7082888,0.1407492,0.43693325,0.25161433,-0.4456658,-0.29881948,-0.5702355,-0.24446319
mlp_2_3_outputs,13,0.45741946,0.52844054,0.110393725,0.22006115,0.06824371,0.59434426,0.13624871,0.5607323,-0.08156666,-0.119999304,1.2526006,0.49717557,-0.4010965
mlp_2_3_outputs,14,1.0383354,1.0537642,0.5464167,0.81079006,0.69620025,1.2185652,0.36046943,1.2449354,0.27151388,-0.16124031,0.9188291,-0.6825393,-1.6678075
mlp_2_3_outputs,15,-0.26675522,-0.0074600703,-0.34666678,0.049327347,-0.15528797,0.0025171966,0.38996312,0.21251063,-0.3495644,0.15777776,0.78931975,0.49469683,-0.48589808
mlp_2_3_outputs,2,0.12161235,0.048205055,0.14155924,0.5904628,0.17356192,0.21989805,0.14507169,-0.18064137,0.012877452,-0.0875312,0.13098164,-0.27039695,-0.15587871
mlp_2_3_outputs,3,0.30931967,0.4958709,-0.44572535,0.0036185526,-0.08915783,0.6451198,-0.09188638,1.1056625,-0.0396375,-0.6282287,1.2273927,0.5071439,-0.6145081
mlp_2_3_outputs,4,0.07330209,-0.112802975,-0.18694024,0.18144844,0.088879555,0.31792936,0.23651038,0.52149373,-0.15872876,-0.47358087,0.27578738,0.08255085,-0.44037634
mlp_2_3_outputs,5,0.7411449,0.64492875,0.3165971,0.6224025,0.5767577,0.87445474,0.3619143,1.2847422,0.3633827,0.05352947,1.664761,0.920174,-0.098090805
mlp_2_3_outputs,6,-0.40301684,-0.43851885,-0.014132691,0.19476874,0.47232726,-2.4964116,0.13313232,1.5598946,0.9472367,1.2034931,-0.84169734,0.75162804,0.74218047
mlp_2_3_outputs,7,0.012752211,-0.005853811,-0.35679883,-0.0076905587,-0.24043733,0.27750722,-0.47003844,0.3155915,-0.12228306,-0.3572475,0.0039102426,0.26002374,-0.098789275
mlp_2_3_outputs,8,1.5012125,1.2186764,0.85626614,0.83353615,0.7077377,1.1075948,0.5331782,0.9439772,0.04716932,-0.3831953,0.82598275,-0.036296878,-1.2849026
mlp_2_3_outputs,9,0.29241872,0.16769332,0.14960009,0.18799724,0.037486292,0.4351831,0.015650868,0.5293933,0.012659983,-0.07870913,1.3928282,0.7986214,-0.04217945
ones,_,0.1741302,0.24662112,0.34709963,-0.23894466,-0.28137282,0.26375464,-0.1224926,-0.33126694,-0.1948129,-0.0134311095,0.048055455,0.20605986,-0.84052056
positions,0,-0.12523538,0.23624748,-0.19017945,-0.16981345,-0.29740974,0.22274224,-0.05299061,-0.24022414,-0.075724356,0.33030686,0.35018238,0.08341535,-0.32008675
positions,1,6.233398,4.603899,3.9543533,2.974439,0.4274426,-0.5330611,-3.202984,-5.426187,-5.1732435,-5.641644,-6.489241,-6.1899104,-5.2014437
positions,10,-0.41568303,-0.71945715,-0.024718856,-0.1276344,0.16540414,-0.34628817,-0.38015178,-0.23723793,-0.15166786,-0.05158537,-0.14032859,-0.23991011,0.3767717
positions,11,0.213128,0.14490958,-0.2312743,0.19671959,0.10940251,-0.30065286,0.044329163,-0.08119791,-0.3056435,-0.18253684,-0.14513043,0.019506061,-0.17375137
positions,12,0.03330632,-0.41986474,0.06235736,-0.033516057,0.22547677,0.1353629,0.19956444,-0.22148505,-0.013806123,0.22696525,-0.17490506,0.3231255,0.25418207
positions,13,-0.16106562,-0.13440478,-0.33085328,0.16719472,-0.28249773,-0.36564365,-0.26955178,-0.04495699,0.089731395,0.31354967,0.021943709,-0.62363404,-0.15248773
positions,14,0.1571004,0.17904575,-0.512704,-0.04410998,-0.08375971,-0.11830911,-0.022805976,0.2506259,-0.2160023,0.28819504,0.40856633,-0.15515855,-0.4638259
positions,15,-0.3012995,0.40741593,0.28250545,0.024076857,-0.23174965,0.35038906,-0.08703899,0.09330973,-0.20146702,0.47168002,-0.017004564,-0.2857311,0.15655822
positions,2,-0.6248914,1.8699906,2.8354452,5.0742683,3.40287,3.5500777,1.4782463,-1.1050218,-2.1468503,-2.6937644,-5.8678203,-5.9035482,-4.5289965
positions,3,-6.343739,-2.1445048,0.3340037,0.1264323,0.67291796,2.2393048,2.563115,2.5558476,2.2777343,0.32874942,0.56803966,-0.65245545,-3.1272573
positions,4,-9.709014,-4.8279586,-3.1533384,-3.2815406,0.28382444,0.8118671,1.9350345,3.6387663,2.7072954,3.1840274,2.96953,0.1485024,-1.0552552
positions,5,-7.6015077,-7.860497,-8.76213,-10.177295,-6.7774544,-4.62588,-2.0681782,0.7866952,1.945408,3.4653008,5.557408,5.900165,4.7410283
positions,6,-7.086596,-11.38854,-14.762152,-18.309616,-14.335984,-13.560073,-9.616119,-4.881369,0.27133352,1.5307145,6.4798474,8.23993,11.84776
positions,7,-0.67641836,-0.26376015,0.06488739,-0.115384154,-0.26818046,0.09743584,-0.23418464,0.089711264,0.3442605,-0.17327464,-0.28694797,-0.22088547,0.16173968
positions,8,0.09903559,0.015447919,-0.32821953,-0.24977109,0.09327074,-0.07599567,0.33676994,-0.37047055,-0.18896814,-0.09269592,0.44334313,0.94251823,-0.8035901
positions,9,-0.022109896,-0.3121534,0.02005013,-0.3258408,-0.4772524,-0.48122108,-0.054596744,-0.2047532,-0.13435885,0.038385697,0.25855675,-0.14207613,-0.013192317
tokens,0,14.360744,8.993808,7.0320153,4.3663735,1.2210076,-0.8029587,-3.4759219,-5.6549635,-7.5177307,-8.4865055,-9.796972,-10.725586,-12.123844
tokens,1,8.660699,13.523352,8.6448965,4.931814,2.060428,-0.5600683,-3.377084,-5.6354923,-7.6819463,-9.203343,-10.546653,-11.78939,-12.173963
tokens,10,5.536925,8.515215,10.939188,5.99283,3.076122,0.39897254,-2.9178703,-4.796191,-6.4731755,-7.9169273,-9.605082,-10.890374,-11.035004
tokens,11,1.3461758,4.880064,5.910382,9.640302,5.1001253,1.9370662,-1.6049105,-4.279275,-6.6150064,-7.7865195,-9.790061,-11.066774,-11.1995735
tokens,12,-1.0186441,1.0874596,2.4048827,3.7863462,7.118743,3.6203597,0.2939874,-2.186578,-3.7526875,-5.0240617,-6.6238174,-8.073484,-8.942286
tokens,2,-2.3350854,-1.4318113,-0.3689199,0.90283,3.22782,7.852038,2.2662923,0.004118439,-2.273291,-3.9978952,-5.9397783,-7.464455,-8.232032
tokens,3,-5.295805,-4.780958,-4.2243695,-2.5739992,0.15143104,2.629636,7.046657,2.8281393,0.51113594,-1.9112055,-3.3326735,-5.493445,-6.480531
tokens,4,-6.6770244,-6.156952,-5.0930743,-4.6356306,-2.698213,-0.34859425,2.14839,7.476651,3.0603552,1.0238667,-1.3435574,-2.9847872,-3.996442
tokens,5,-7.981289,-7.7314873,-7.581177,-6.849094,-4.8677645,-2.811151,-0.92823654,2.1582882,7.233226,3.8891838,1.4747468,-0.24161336,-2.1520886
tokens,6,-8.953543,-9.014434,-8.466476,-7.91279,-6.61623,-4.561199,-1.9431045,1.3367168,3.907363,8.413807,5.130065,3.1461914,0.7335297
tokens,7,-9.135004,-9.210046,-9.280047,-8.898105,-7.6578364,-6.116013,-4.3184924,-1.1443739,2.0136945,5.243857,10.934326,7.4029346,4.933368
tokens,8,-9.721505,-9.429677,-10.393855,-9.625626,-8.057543,-6.8120875,-5.0185533,-2.0027041,0.2957238,3.4419143,6.888853,13.717933,9.919688
tokens,9,-11.768068,-11.02719,-11.005093,-10.818707,-9.571336,-8.229422,-6.349582,-3.21505,-0.5298847,2.203623,5.2559953,8.704892,17.673126
tokens,</s>,-0.14947964,-0.30432504,0.03494531,0.29916063,0.86610776,0.5420367,0.10309105,-0.4109572,0.025393313,-0.27558887,0.49099225,-0.5575388,0.009699847
tokens,<pad>,-0.16075219,0.5486959,0.42230657,-0.0032612109,-0.07326342,0.020996435,0.23537429,0.18683548,-0.095148094,0.036475554,0.34845796,-0.091500774,-0.051424373
tokens,<s>,-0.60638344,0.8083224,0.27872148,0.1822185,0.80988955,0.3414717,-0.3045824,-0.026451465,0.63069737,0.17886877,0.23318619,-0.51625,-0.70742726
