feature,value,F,P,T
attn_0_0_outputs,(,-0.4894209,0.31937626,0.10548802
attn_0_0_outputs,),0.12758578,-0.8440442,0.19233784
attn_0_0_outputs,<pad>,-0.7509277,0.19408779,-0.00021097151
attn_0_0_outputs,<s>,-0.77424407,0.527803,0.028463736
attn_0_0_outputs,_,0.56192833,0.27208853,-0.12852108
attn_0_0_outputs,_,-0.17802055,0.09808218,-0.30756178
attn_0_0_outputs,_,0.18055554,0.4553472,0.016062833
attn_0_0_outputs,_,0.5451104,0.06030658,-0.5348612
attn_0_0_outputs,_,-0.329468,-0.23655264,-0.4121644
attn_0_0_outputs,_,0.11463659,-1.0029724,-1.4355556
attn_0_0_outputs,_,0.0095774,0.07928637,-0.43734556
attn_0_0_outputs,_,-0.34489438,0.41249478,-0.35287017
attn_0_0_outputs,_,-0.44343495,0.12637626,0.29474747
attn_0_0_outputs,_,1.3888974,0.32582256,-0.6665702
attn_0_0_outputs,_,0.4479031,0.04331851,-0.21407187
attn_0_0_outputs,_,0.20136327,0.32378697,0.3347749
attn_0_1_outputs,(,-0.91570944,1.1976565,0.34774485
attn_0_1_outputs,),0.68851995,0.7728492,0.5924191
attn_0_1_outputs,<pad>,0.86950344,0.8218027,0.66497564
attn_0_1_outputs,<s>,-0.17792977,0.9208181,0.97726786
attn_0_1_outputs,_,0.3778034,-0.39833954,0.45968184
attn_0_1_outputs,_,0.118768446,0.15962574,0.39782953
attn_0_1_outputs,_,-0.45306924,0.22433619,-0.3219361
attn_0_1_outputs,_,0.28141204,-1.357193,1.8039049
attn_0_1_outputs,_,0.49692038,0.57608956,-0.0011417805
attn_0_1_outputs,_,0.8272024,-0.66102415,0.7954926
attn_0_1_outputs,_,0.4673639,-1.4298388,0.04414849
attn_0_1_outputs,_,1.703879,-1.0035722,0.21657203
attn_0_1_outputs,_,-0.07041741,0.85537654,-0.8304266
attn_0_1_outputs,_,1.7053529,-1.4996578,-1.2743443
attn_0_1_outputs,_,2.200176,-0.4716843,0.27760777
attn_0_1_outputs,_,-0.29843974,0.18172158,0.61394733
attn_0_2_outputs,(,-1.0321181,1.201009,0.5190361
attn_0_2_outputs,),0.77792376,-0.57507956,0.7896793
attn_0_2_outputs,<pad>,0.11315578,0.6274246,-0.14789605
attn_0_2_outputs,<s>,1.6634165,-0.34363016,0.060636282
attn_0_2_outputs,_,0.12490757,0.18204658,-0.33656836
attn_0_2_outputs,_,0.30272016,0.47474605,0.64996034
attn_0_2_outputs,_,-0.28841034,0.4583005,0.25822148
attn_0_2_outputs,_,-0.73577964,-0.054560747,0.10649443
attn_0_2_outputs,_,0.85763115,0.02049719,-0.57318634
attn_0_2_outputs,_,0.5215722,0.43140638,0.45117402
attn_0_2_outputs,_,-0.3341839,0.06979423,-0.21696573
attn_0_2_outputs,_,-0.11000238,-0.082553215,0.021459848
attn_0_2_outputs,_,-0.9177718,0.5762406,0.24679579
attn_0_2_outputs,_,0.47103357,0.035367288,-0.974873
attn_0_2_outputs,_,0.5631671,-0.27731144,-0.26609305
attn_0_2_outputs,_,0.31859377,1.3921247,-1.0069364
attn_0_3_outputs,(,0.22319372,-0.43060693,-1.3311434
attn_0_3_outputs,),-1.6865425,0.5902715,-0.18547736
attn_0_3_outputs,<pad>,-0.3424736,-0.28426751,1.0002437
attn_0_3_outputs,<s>,0.8336348,-0.64622337,-0.07622245
attn_0_3_outputs,_,0.9334357,0.3122481,-0.465269
attn_0_3_outputs,_,-0.76964444,0.7968204,-0.49873778
attn_0_3_outputs,_,-0.08227175,0.11691701,-0.42665222
attn_0_3_outputs,_,0.21227102,-0.22852625,0.1795241
attn_0_3_outputs,_,0.029682947,-0.86803323,-0.03262559
attn_0_3_outputs,_,-0.34692794,0.2678116,0.31339872
attn_0_3_outputs,_,0.030348625,0.20227067,-0.51434016
attn_0_3_outputs,_,0.02831889,0.94538856,-0.57730234
attn_0_3_outputs,_,0.30272433,0.47633123,0.025918178
attn_0_3_outputs,_,0.17127518,0.47355178,0.21877582
attn_0_3_outputs,_,0.26457945,-0.18518485,-0.9888055
attn_0_3_outputs,_,-0.07814621,-0.40544936,-0.9673867
attn_0_4_outputs,(,-0.46066645,1.8342497,0.71075165
attn_0_4_outputs,),1.1002586,-0.13486566,-0.8036642
attn_0_4_outputs,<pad>,-0.1670169,-0.07728499,-0.70118976
attn_0_4_outputs,<s>,0.6904298,0.23436935,-0.7438271
attn_0_4_outputs,_,0.7581409,-0.026188144,0.35130313
attn_0_4_outputs,_,-0.34573707,0.22825387,-0.53406394
attn_0_4_outputs,_,-0.3761526,0.4078944,0.23850617
attn_0_4_outputs,_,-0.5925109,0.31450218,-0.65508425
attn_0_4_outputs,_,0.58678913,0.74128246,0.3568877
attn_0_4_outputs,_,-0.5711437,0.08648965,-1.0173452
attn_0_4_outputs,_,-0.64321816,0.21608803,0.53965944
attn_0_4_outputs,_,0.37652302,0.70995384,-0.5022166
attn_0_4_outputs,_,-0.13497883,1.2427876,-0.56990075
attn_0_4_outputs,_,0.65752864,-0.24196282,-0.11539119
attn_0_4_outputs,_,-0.7070296,-0.09938715,-0.613441
attn_0_4_outputs,_,-0.252304,1.7023125,-0.41756532
attn_0_5_outputs,(,0.55566907,-0.057091907,0.6604173
attn_0_5_outputs,),-0.19071214,0.73890924,0.67986757
attn_0_5_outputs,<pad>,-0.18030086,0.5075909,0.4976538
attn_0_5_outputs,<s>,-1.2461034,0.7112247,0.07478948
attn_0_5_outputs,_,0.19679366,0.037607916,-0.13337594
attn_0_5_outputs,_,-0.17159767,-0.06465378,-0.86408806
attn_0_5_outputs,_,-0.17405441,0.2574898,-0.06820963
attn_0_5_outputs,_,0.10563257,-0.21034232,-0.23641565
attn_0_5_outputs,_,0.2736973,-0.24446447,0.4865314
attn_0_5_outputs,_,0.0018976623,-0.1024285,0.28690556
attn_0_5_outputs,_,-0.4717266,-0.3260323,0.069678664
attn_0_5_outputs,_,0.17614645,0.1220192,0.19120798
attn_0_5_outputs,_,-0.41883388,-0.5687547,-0.39625198
attn_0_5_outputs,_,0.08117548,-0.012684601,0.05662678
attn_0_5_outputs,_,0.6336264,-0.13829367,0.3184122
attn_0_5_outputs,_,0.39891213,0.38852125,-1.0899689
attn_0_6_outputs,(,-1.144312,1.0134656,-0.59301114
attn_0_6_outputs,),0.50594443,-0.7646171,0.2631576
attn_0_6_outputs,<pad>,0.45223853,-0.2528467,0.62520766
attn_0_6_outputs,<s>,0.7790373,-0.58190656,-1.3233107
attn_0_6_outputs,_,-0.49888083,-0.046177007,-0.08372038
attn_0_6_outputs,_,0.5038467,0.5799916,0.80028415
attn_0_6_outputs,_,0.06422723,0.54902697,-0.24173866
attn_0_6_outputs,_,0.053492982,0.59997016,-0.039541475
attn_0_6_outputs,_,-0.27822155,0.2140633,-0.8179598
attn_0_6_outputs,_,1.0075647,1.1171032,-0.5643477
attn_0_6_outputs,_,0.26831767,0.9548937,-0.046786677
attn_0_6_outputs,_,0.18301779,0.05004287,-1.1020947
attn_0_6_outputs,_,-0.44804275,0.49836555,0.15569924
attn_0_6_outputs,_,0.09914801,0.48539189,0.026999848
attn_0_6_outputs,_,0.37165764,0.53004515,-0.6024965
attn_0_6_outputs,_,0.35610986,0.7027883,-0.8406012
attn_0_7_outputs,(,-0.74706906,0.7685041,-0.7221567
attn_0_7_outputs,),0.8451686,-0.7308465,0.0008594885
attn_0_7_outputs,<pad>,0.0331574,0.13986647,0.023521878
attn_0_7_outputs,<s>,-2.167007,2.7010403,-0.009515899
attn_0_7_outputs,_,-0.25630563,0.48712465,-0.41007677
attn_0_7_outputs,_,-0.09491087,0.89197683,-0.61564046
attn_0_7_outputs,_,0.14942664,0.2257525,0.121905625
attn_0_7_outputs,_,-0.3239812,0.8850853,-0.58534306
attn_0_7_outputs,_,0.55819273,0.48924452,-0.66359234
attn_0_7_outputs,_,0.28244227,0.47885433,-0.039857868
attn_0_7_outputs,_,-0.28608775,0.014880651,-0.9628737
attn_0_7_outputs,_,0.14178948,0.7604473,-0.4526033
attn_0_7_outputs,_,0.034149904,-0.2781334,-0.5124219
attn_0_7_outputs,_,-0.020067785,0.42617252,-0.13093054
attn_0_7_outputs,_,0.65744966,0.7347258,-0.3344616
attn_0_7_outputs,_,0.12902275,1.1702758,-0.49114972
attn_1_0_outputs,(,-1.2694024,1.1887133,-0.4298401
attn_1_0_outputs,),1.267949,-1.0693378,0.6822373
attn_1_0_outputs,<pad>,-0.18379605,-0.4320573,0.011673998
attn_1_0_outputs,<s>,1.3297814,-1.3715702,-0.38664317
attn_1_0_outputs,_,-0.7873919,0.9968353,0.08171055
attn_1_0_outputs,_,0.3766941,0.56307036,-0.5732906
attn_1_0_outputs,_,-1.1871485,0.45196918,0.28318927
attn_1_0_outputs,_,-0.42084023,0.45480788,-0.20121373
attn_1_0_outputs,_,0.20958632,-0.24328843,-0.01149702
attn_1_0_outputs,_,0.15949762,-0.51395327,-0.13666797
attn_1_0_outputs,_,-0.19005188,0.4039201,-0.016261613
attn_1_0_outputs,_,-0.76061845,0.5826649,-0.3168539
attn_1_0_outputs,_,0.56037337,0.11908665,-0.95453805
attn_1_0_outputs,_,-0.35115373,0.025698513,-0.019035446
attn_1_0_outputs,_,-0.62654245,1.0197127,0.32228777
attn_1_0_outputs,_,0.41546947,0.07650436,0.038868517
attn_1_1_outputs,(,-0.74325657,1.720691,-0.28447008
attn_1_1_outputs,),1.8208708,-2.3524904,0.095492445
attn_1_1_outputs,<pad>,0.030963466,-0.00942534,0.27845192
attn_1_1_outputs,<s>,-0.27426764,1.458688,0.4439449
attn_1_1_outputs,_,-0.5850813,0.22568898,0.42430553
attn_1_1_outputs,_,0.355486,-0.3579757,0.5848719
attn_1_1_outputs,_,-0.23116739,0.2968816,0.13811614
attn_1_1_outputs,_,0.47832176,-0.9046034,-0.04399394
attn_1_1_outputs,_,-0.19885187,0.021076549,-0.52787596
attn_1_1_outputs,_,0.11646908,-0.38745424,-0.34247288
attn_1_1_outputs,_,0.46339774,1.2154286,-0.44292608
attn_1_1_outputs,_,0.08984517,1.0003289,0.32952163
attn_1_1_outputs,_,0.67602056,-0.3919638,0.57741255
attn_1_1_outputs,_,0.7680726,0.25004324,0.36357722
attn_1_1_outputs,_,0.70444137,-0.24651325,-1.0434202
attn_1_1_outputs,_,0.56128097,-1.5651661,-0.68023974
attn_1_2_outputs,(,-1.385195,1.0486835,-0.33347932
attn_1_2_outputs,),0.44565696,-1.01546,-0.055558674
attn_1_2_outputs,<pad>,-0.09132268,-0.37709165,-0.08327537
attn_1_2_outputs,<s>,1.442856,-2.1922026,-0.08197571
attn_1_2_outputs,_,0.09494512,0.52674323,-0.0067522703
attn_1_2_outputs,_,-0.03580438,-0.14611343,-0.20694171
attn_1_2_outputs,_,-0.9365775,-0.7240662,-0.57252425
attn_1_2_outputs,_,-0.20715082,0.123753875,-0.483453
attn_1_2_outputs,_,-0.22915545,0.43445385,0.33666414
attn_1_2_outputs,_,0.8493235,-0.57772505,-0.31056887
attn_1_2_outputs,_,0.08615407,0.3116852,0.28475693
attn_1_2_outputs,_,1.00785,0.1703061,0.0074807736
attn_1_2_outputs,_,0.50871,0.19864155,0.18513477
attn_1_2_outputs,_,-0.6932648,-0.33357468,-0.47621346
attn_1_2_outputs,_,-0.33975935,0.41582593,-0.0792617
attn_1_2_outputs,_,0.2904083,-0.70660293,-0.11436644
attn_1_3_outputs,(,-1.6016345,1.0806712,-0.19534567
attn_1_3_outputs,),-0.49059376,0.7143795,0.9657472
attn_1_3_outputs,<pad>,0.22178555,-0.96826017,-0.51922864
attn_1_3_outputs,<s>,2.2087116,-1.8651944,-1.1232935
attn_1_3_outputs,_,0.23572172,0.53884286,-0.34142303
attn_1_3_outputs,_,0.5217148,0.7530421,-1.0079653
attn_1_3_outputs,_,0.2573742,0.7543189,0.38002896
attn_1_3_outputs,_,-0.005901069,0.05765251,0.014797414
attn_1_3_outputs,_,0.30271396,0.19889884,-0.26183036
attn_1_3_outputs,_,-0.0704727,0.18639043,-0.5217742
attn_1_3_outputs,_,2.4211814,-1.2607263,0.5411904
attn_1_3_outputs,_,-0.51294845,0.80203164,-0.42878234
attn_1_3_outputs,_,-0.034663975,-0.22611265,0.18869793
attn_1_3_outputs,_,0.49004263,0.2559823,0.50297135
attn_1_3_outputs,_,0.030356003,-0.11802251,0.25383586
attn_1_3_outputs,_,-0.16218632,-0.10131437,0.34994298
attn_1_4_outputs,(,-1.6234318,1.9127321,-0.5574951
attn_1_4_outputs,),2.9442155,-2.1974864,-0.6882279
attn_1_4_outputs,<pad>,-0.36152604,-0.7876986,-0.26893747
attn_1_4_outputs,<s>,0.11029482,0.7855751,0.060806092
attn_1_4_outputs,_,-0.5776917,0.9935458,1.0160717
attn_1_4_outputs,_,-0.1035671,0.5152111,0.16511296
attn_1_4_outputs,_,-0.15921691,-0.22469169,0.19141164
attn_1_4_outputs,_,0.62635756,-0.093165495,-0.07295149
attn_1_4_outputs,_,0.25354448,0.8360728,-0.822608
attn_1_4_outputs,_,0.7674834,0.24451874,-0.5086187
attn_1_4_outputs,_,1.1430173,0.4444713,-0.18902005
attn_1_4_outputs,_,-0.89517283,0.09672462,-1.3866401
attn_1_4_outputs,_,-0.55434126,0.5505549,0.046859756
attn_1_4_outputs,_,-0.79837954,-0.22892675,0.05379986
attn_1_4_outputs,_,-0.3771388,0.7012518,-0.82440686
attn_1_4_outputs,_,1.064084,-0.0615619,0.25397637
attn_1_5_outputs,(,-1.0894682,1.2602066,-0.036315527
attn_1_5_outputs,),1.893652,-2.7409515,-0.5510187
attn_1_5_outputs,<pad>,0.4358073,0.21467811,0.24898323
attn_1_5_outputs,<s>,-0.25553405,0.24507603,0.1966662
attn_1_5_outputs,_,-0.4381553,-0.06086328,0.63813996
attn_1_5_outputs,_,0.007062734,0.30934837,-0.3031754
attn_1_5_outputs,_,0.05573948,-0.21993175,1.40877
attn_1_5_outputs,_,0.113883376,0.71054685,0.63291276
attn_1_5_outputs,_,-0.78315884,-0.4039359,0.04859755
attn_1_5_outputs,_,0.30180934,-0.22564591,0.059308715
attn_1_5_outputs,_,-0.53280205,0.48333398,-0.13632971
attn_1_5_outputs,_,-0.7703316,1.0949239,0.66388816
attn_1_5_outputs,_,-0.10071668,-0.12368456,-0.20333599
attn_1_5_outputs,_,-0.8256201,0.4346918,0.24971765
attn_1_5_outputs,_,0.16835082,0.051116914,0.61394286
attn_1_5_outputs,_,-0.1873005,0.32084307,0.84656376
attn_1_6_outputs,0,0.15877958,-0.36867937,-0.03927797
attn_1_6_outputs,1,-1.094177,0.35122344,-0.11632958
attn_1_6_outputs,10,-1.3906733,0.72942555,-0.7695225
attn_1_6_outputs,11,-1.1001468,0.4641726,-0.020156363
attn_1_6_outputs,12,-0.8189386,0.62295544,0.11565182
attn_1_6_outputs,13,-0.5073898,-0.22709984,-0.28819525
attn_1_6_outputs,14,-0.20930506,0.8037285,-0.35396907
attn_1_6_outputs,15,-0.5771678,0.41642916,0.20165786
attn_1_6_outputs,2,1.0465349,-1.0244511,-0.34390107
attn_1_6_outputs,3,0.5910264,-0.37190583,-0.45490617
attn_1_6_outputs,4,-1.2745869,1.1318868,0.41754147
attn_1_6_outputs,5,0.66289866,-0.8104654,-0.66161567
attn_1_6_outputs,6,-0.7429916,0.29695722,0.10057529
attn_1_6_outputs,7,-0.30875266,0.22169866,-0.011763337
attn_1_6_outputs,8,0.5907416,-0.047538944,0.9147581
attn_1_6_outputs,9,0.13191807,-0.00946384,-0.3992894
attn_1_7_outputs,(,-1.4287068,1.1150739,-1.168787
attn_1_7_outputs,),0.14170931,1.0797389,0.5842236
attn_1_7_outputs,<pad>,0.70407933,0.055534147,-0.011258229
attn_1_7_outputs,<s>,1.2219284,-0.6058219,-0.00224317
attn_1_7_outputs,_,0.26200977,0.02365971,-0.6706025
attn_1_7_outputs,_,-0.4170949,-0.085320346,0.9172086
attn_1_7_outputs,_,0.39175978,1.6059111,0.4991346
attn_1_7_outputs,_,0.6932397,-0.15746455,-0.25113896
attn_1_7_outputs,_,0.19554727,0.22542574,-1.6377468
attn_1_7_outputs,_,-0.09968786,-0.72391003,-0.2344968
attn_1_7_outputs,_,0.44698524,0.32481363,-0.04146509
attn_1_7_outputs,_,-0.27990353,1.240387,-0.37842104
attn_1_7_outputs,_,-0.013795418,1.0814492,-0.05453534
attn_1_7_outputs,_,0.4318178,0.2488923,-0.5366613
attn_1_7_outputs,_,-0.27404588,0.3115783,-0.47897983
attn_1_7_outputs,_,-0.13872738,0.36073452,-0.11079934
attn_2_0_outputs,(,-0.9958144,0.30608335,-0.44268528
attn_2_0_outputs,),-0.47719872,0.8800309,0.008386016
attn_2_0_outputs,<pad>,-0.19157363,-0.23155482,0.63853663
attn_2_0_outputs,<s>,0.6813635,0.1520764,-0.054792017
attn_2_0_outputs,_,0.70970017,-0.57766664,-0.45198467
attn_2_0_outputs,_,0.5682995,0.2509478,-0.13548072
attn_2_0_outputs,_,-0.0110126315,0.38453114,0.88490367
attn_2_0_outputs,_,-1.0621567,0.26200023,-0.3077393
attn_2_0_outputs,_,-0.487361,0.4718984,0.88292754
attn_2_0_outputs,_,0.20885031,0.23111925,-0.013827989
attn_2_0_outputs,_,0.54171675,0.3811932,0.16493239
attn_2_0_outputs,_,-1.5884546,0.9002554,0.2152917
attn_2_0_outputs,_,-0.54615235,-0.028795563,0.18256396
attn_2_0_outputs,_,-0.12433098,0.5778624,0.13326026
attn_2_0_outputs,_,-0.21538213,0.20356838,-0.2661849
attn_2_0_outputs,_,0.7516955,0.15744095,0.1668315
attn_2_1_outputs,(,-0.6956353,0.75934726,0.02619859
attn_2_1_outputs,),0.12786818,0.39022434,0.06681269
attn_2_1_outputs,<pad>,-0.2876029,-0.07083374,-1.0584129
attn_2_1_outputs,<s>,-0.5062561,-0.2374384,-0.58295554
attn_2_1_outputs,_,-0.33287114,0.61231226,-0.17079094
attn_2_1_outputs,_,0.023266964,0.08935162,-0.079798914
attn_2_1_outputs,_,0.15793467,0.6432493,-0.41187406
attn_2_1_outputs,_,-0.4103615,0.24254005,0.28487363
attn_2_1_outputs,_,0.47365838,-0.0070294943,0.2708681
attn_2_1_outputs,_,-0.47181284,0.51910406,-0.9159082
attn_2_1_outputs,_,-0.007704098,0.44065562,0.12651452
attn_2_1_outputs,_,-0.04640988,1.0860021,0.63426214
attn_2_1_outputs,_,-0.55597436,-0.3402781,0.15653855
attn_2_1_outputs,_,-0.41688257,-0.5062254,-0.04324032
attn_2_1_outputs,_,0.7466512,0.073571645,-0.33816493
attn_2_1_outputs,_,0.37531897,-0.32061493,-0.04670227
attn_2_2_outputs,(,-1.3934064,1.9430348,0.48531875
attn_2_2_outputs,),0.009544881,-0.54438686,-0.10034525
attn_2_2_outputs,<pad>,0.53237677,-1.0457437,-1.1315107
attn_2_2_outputs,<s>,-0.64922196,0.39848474,-0.100487
attn_2_2_outputs,_,-0.6042958,0.7266773,0.03061377
attn_2_2_outputs,_,-0.79911727,0.39186135,-0.6999188
attn_2_2_outputs,_,0.17034762,-0.20408992,-0.4190759
attn_2_2_outputs,_,0.006958875,-0.4726242,-0.3871952
attn_2_2_outputs,_,1.0383521,0.30492744,0.2591389
attn_2_2_outputs,_,-0.26683107,-0.17679307,-0.44885087
attn_2_2_outputs,_,0.11525537,1.3398583,0.017383015
attn_2_2_outputs,_,-0.45745096,0.8452033,0.85815984
attn_2_2_outputs,_,0.8201247,0.39630094,-0.29630074
attn_2_2_outputs,_,-0.63706523,0.5491069,-0.80179256
attn_2_2_outputs,_,-0.66702443,0.8112656,1.1311203
attn_2_2_outputs,_,0.9931111,-0.54134345,0.17833142
attn_2_3_outputs,(,-1.4107877,1.3941956,-0.05351261
attn_2_3_outputs,),-1.2189928,1.404886,0.24973626
attn_2_3_outputs,<pad>,0.17089215,0.12086485,0.38420492
attn_2_3_outputs,<s>,1.8269765,-0.9511167,-1.4178028
attn_2_3_outputs,_,0.18660979,0.5081188,0.25360596
attn_2_3_outputs,_,0.09860446,-0.078377485,0.0233909
attn_2_3_outputs,_,0.3116589,0.3621374,-0.3240802
attn_2_3_outputs,_,0.58327717,-0.6195618,0.22121535
attn_2_3_outputs,_,0.9078434,-1.023191,-1.3508385
attn_2_3_outputs,_,-0.5408586,0.67607456,-0.3657773
attn_2_3_outputs,_,-1.013116,1.2067815,-0.19964147
attn_2_3_outputs,_,-0.841971,0.42689994,-0.57821476
attn_2_3_outputs,_,-0.042781405,-0.37123778,-0.1857929
attn_2_3_outputs,_,-0.40123048,-0.23000343,-0.1333585
attn_2_3_outputs,_,-0.30695093,-0.34027332,-1.3466562
attn_2_3_outputs,_,-0.81627274,0.71657574,-0.8865545
attn_2_4_outputs,(,-0.50214916,0.93583363,-0.29978245
attn_2_4_outputs,),0.21017012,-0.27667835,-0.15237127
attn_2_4_outputs,<pad>,-0.20174137,-0.03219962,-0.016699793
attn_2_4_outputs,<s>,-0.74976873,0.13947973,-0.5841782
attn_2_4_outputs,_,0.60994846,0.7854433,0.28050292
attn_2_4_outputs,_,0.5464822,1.027369,-0.118409336
attn_2_4_outputs,_,1.0324944,0.13172366,0.110987976
attn_2_4_outputs,_,-0.14990333,0.4804656,-0.16501975
attn_2_4_outputs,_,0.01435673,0.47407427,0.05172906
attn_2_4_outputs,_,0.13431416,0.6172266,-0.08163185
attn_2_4_outputs,_,0.5888701,0.010806768,0.658369
attn_2_4_outputs,_,0.16789977,-0.32953578,-0.47745228
attn_2_4_outputs,_,-0.46996754,-0.3644371,-0.25758302
attn_2_4_outputs,_,0.0847056,-0.49617332,-0.30970955
attn_2_4_outputs,_,0.069539934,0.8904104,0.20870179
attn_2_4_outputs,_,0.14443515,0.36953098,-0.19906665
attn_2_5_outputs,(,-0.25747818,0.48972994,0.17881371
attn_2_5_outputs,),0.6707592,0.0038002066,-0.22953768
attn_2_5_outputs,<pad>,-0.4451497,-0.3055702,0.5634067
attn_2_5_outputs,<s>,0.82780516,1.0845356,0.75276023
attn_2_5_outputs,_,0.3078261,0.23835331,0.4371268
attn_2_5_outputs,_,0.7091645,-0.38299537,0.1914042
attn_2_5_outputs,_,-0.058683127,-0.095600136,0.18798555
attn_2_5_outputs,_,-0.3093893,0.28410754,-0.66804534
attn_2_5_outputs,_,-0.15773124,0.35526088,-0.9867137
attn_2_5_outputs,_,0.32744575,0.9161356,-0.31846657
attn_2_5_outputs,_,0.104076065,0.63422143,0.32800865
attn_2_5_outputs,_,-0.94029856,0.74407077,-0.021093648
attn_2_5_outputs,_,-0.051721632,0.52350396,-0.44344002
attn_2_5_outputs,_,-0.111026205,-0.8266135,-0.5008363
attn_2_5_outputs,_,0.34032375,0.73845774,0.21474384
attn_2_5_outputs,_,0.33054775,-0.46501714,0.39712185
attn_2_6_outputs,(,0.10664274,0.19792525,0.90735984
attn_2_6_outputs,),1.8542634,-2.8358014,-1.6256346
attn_2_6_outputs,<pad>,0.29981336,-0.40679172,0.115533315
attn_2_6_outputs,<s>,-1.7354852,0.5815261,-1.1558272
attn_2_6_outputs,_,0.06430347,0.6100277,-0.11495506
attn_2_6_outputs,_,-0.4127563,-0.2274811,-0.28617352
attn_2_6_outputs,_,0.01696327,-0.08638724,-0.45150167
attn_2_6_outputs,_,-0.0051343623,-0.05790811,-0.18942584
attn_2_6_outputs,_,0.16484116,0.2860446,0.16717814
attn_2_6_outputs,_,-0.09002117,0.4111562,0.087954074
attn_2_6_outputs,_,-0.6043765,0.76462656,-0.35913846
attn_2_6_outputs,_,-0.76928467,0.58337915,0.24800941
attn_2_6_outputs,_,-0.06553846,0.645172,0.4783343
attn_2_6_outputs,_,0.10857652,0.31670007,0.36187673
attn_2_6_outputs,_,-0.370543,-0.2376598,0.44108117
attn_2_6_outputs,_,-0.54777837,0.18455924,0.14934291
attn_2_7_outputs,(,-2.2886357,2.679893,0.7275122
attn_2_7_outputs,),4.0270224,-2.9906976,-1.1210691
attn_2_7_outputs,<pad>,-0.7883097,-0.50538933,-0.93932384
attn_2_7_outputs,<s>,0.78900844,-1.1730204,0.079227805
attn_2_7_outputs,_,-0.0025823654,-0.07691048,0.53986436
attn_2_7_outputs,_,-0.3190062,0.26507288,-0.37099427
attn_2_7_outputs,_,-0.7140755,-0.08295763,-0.18208064
attn_2_7_outputs,_,1.1100749,-0.08278489,0.20847684
attn_2_7_outputs,_,0.6415271,0.6325713,-0.41274247
attn_2_7_outputs,_,-0.2903684,-0.47255287,-1.634521
attn_2_7_outputs,_,0.68836826,-0.09195397,0.5732528
attn_2_7_outputs,_,-0.5021773,-0.13157217,-0.0318239
attn_2_7_outputs,_,0.0027818438,0.15043367,-0.2853147
attn_2_7_outputs,_,0.61318725,-0.6911649,0.28214875
attn_2_7_outputs,_,-0.18765077,-0.06441634,-0.2233043
attn_2_7_outputs,_,0.89342153,-0.7042203,0.95273554
mlp_0_0_outputs,0,0.14127192,0.47655392,0.25319678
mlp_0_0_outputs,1,-1.1588908,1.4559376,-3.501589
mlp_0_0_outputs,10,-1.2316455,0.85737175,0.55476004
mlp_0_0_outputs,11,3.065516,-0.4649882,-0.74859446
mlp_0_0_outputs,12,-1.1232007,0.7942883,0.18470046
mlp_0_0_outputs,13,-0.803185,0.7587699,0.40368292
mlp_0_0_outputs,14,0.81927526,0.29881305,0.346701
mlp_0_0_outputs,15,0.09547704,-0.09126448,-0.20694996
mlp_0_0_outputs,2,-0.52336884,-1.0738084,-0.8851486
mlp_0_0_outputs,3,-1.2455478,0.61489207,0.25918296
mlp_0_0_outputs,4,-1.0400035,0.3144347,-0.10037387
mlp_0_0_outputs,5,0.14419113,0.7999189,0.5101922
mlp_0_0_outputs,6,-0.44236466,-0.68143505,-0.66035306
mlp_0_0_outputs,7,0.6528525,0.221931,0.437143
mlp_0_0_outputs,8,-0.008625702,-0.0926374,-0.19609733
mlp_0_0_outputs,9,0.65729463,0.014613159,0.38564113
mlp_0_1_outputs,0,0.47002795,0.20427176,-0.3514131
mlp_0_1_outputs,1,0.3360424,0.40902194,0.21951291
mlp_0_1_outputs,10,0.62639844,0.3279707,-0.37068725
mlp_0_1_outputs,11,0.75684536,-0.44596523,-0.7371895
mlp_0_1_outputs,12,-0.73431957,-0.2934032,-0.61327
mlp_0_1_outputs,13,-0.24737278,0.46282554,-0.27151892
mlp_0_1_outputs,14,-0.37996185,1.034653,0.5489086
mlp_0_1_outputs,15,-0.039290894,0.07793705,-0.42464384
mlp_0_1_outputs,2,0.17676027,0.35780647,0.14790383
mlp_0_1_outputs,3,-0.18468608,-0.30951825,-0.6275098
mlp_0_1_outputs,4,-0.96448755,0.6655472,-0.42441827
mlp_0_1_outputs,5,-0.065132625,0.30745655,0.10917895
mlp_0_1_outputs,6,-0.03995882,0.1464267,-0.2743979
mlp_0_1_outputs,7,0.3352999,0.3932727,0.19312537
mlp_0_1_outputs,8,0.2735224,0.04802996,-0.6958182
mlp_0_1_outputs,9,-0.30725285,0.35165796,0.27692035
mlp_1_0_outputs,0,-0.30632764,0.4230356,0.1514733
mlp_1_0_outputs,1,-0.6450659,0.15764733,-0.10063074
mlp_1_0_outputs,10,-0.5625432,-0.03861801,-0.40069544
mlp_1_0_outputs,11,-0.47777912,0.39641407,0.31878847
mlp_1_0_outputs,12,-0.50015354,0.1382616,-0.35626945
mlp_1_0_outputs,13,-0.627101,0.12735175,-0.18245785
mlp_1_0_outputs,14,-0.27493918,0.39170462,0.21619153
mlp_1_0_outputs,15,-0.5798905,0.29537326,0.037339684
mlp_1_0_outputs,2,-0.7782329,-0.19923341,-0.5392368
mlp_1_0_outputs,3,-0.50255907,0.13678516,-0.24065426
mlp_1_0_outputs,4,-0.63695216,0.18321232,-0.10266314
mlp_1_0_outputs,5,-0.3353405,0.3831181,0.07012042
mlp_1_0_outputs,6,-0.8605443,-0.06875384,-0.4222683
mlp_1_0_outputs,7,-0.11998189,0.4380421,0.17030224
mlp_1_0_outputs,8,-0.25416666,0.3534063,0.07804978
mlp_1_0_outputs,9,-0.34610125,0.22627096,-0.15642835
mlp_1_1_outputs,0,0.18599708,0.9041103,-0.07944736
mlp_1_1_outputs,1,0.36482263,1.0675809,0.24312223
mlp_1_1_outputs,10,-0.11175997,0.5309559,-0.24938124
mlp_1_1_outputs,11,-0.46028653,0.46742925,-0.41507238
mlp_1_1_outputs,12,-0.71331954,0.22861435,-0.6590055
mlp_1_1_outputs,13,-0.21230191,0.5959727,-0.42150414
mlp_1_1_outputs,14,0.06303045,0.8374458,-0.14735009
mlp_1_1_outputs,15,-0.8412923,0.0015424873,-0.9419123
mlp_1_1_outputs,2,0.7182652,-0.781483,-0.51481557
mlp_1_1_outputs,3,-0.2421682,0.4198036,-0.3386138
mlp_1_1_outputs,4,0.051133938,0.7206112,-0.10027899
mlp_1_1_outputs,5,0.017721768,0.7655524,0.073511735
mlp_1_1_outputs,6,0.28138852,0.13010402,-0.36252823
mlp_1_1_outputs,7,-0.5996585,-0.013770419,-0.9476411
mlp_1_1_outputs,8,-0.33237597,0.91592216,0.36429912
mlp_1_1_outputs,9,-0.18048885,0.74102217,-0.21212083
mlp_2_0_outputs,0,-0.12912956,0.49249366,-0.14880005
mlp_2_0_outputs,1,0.56876844,0.54466426,0.020397292
mlp_2_0_outputs,10,-0.409606,0.23230374,-0.49185836
mlp_2_0_outputs,11,0.045317862,-0.109186254,-0.24018924
mlp_2_0_outputs,12,0.2959897,-0.18367083,0.2919311
mlp_2_0_outputs,13,0.2820429,0.286787,-0.49822083
mlp_2_0_outputs,14,-0.6817882,-0.19631636,-0.6552462
mlp_2_0_outputs,15,0.6266128,-0.77366644,-0.39973092
mlp_2_0_outputs,2,-0.44705027,0.0032272595,-0.11892878
mlp_2_0_outputs,3,0.02968874,-0.397287,-0.46590838
mlp_2_0_outputs,4,-0.75645953,-0.14948753,-0.25986964
mlp_2_0_outputs,5,-0.42653653,0.25270993,-0.025550712
mlp_2_0_outputs,6,0.21015455,0.091197684,-0.17639714
mlp_2_0_outputs,7,-1.1403239,0.35251015,-0.16717778
mlp_2_0_outputs,8,0.084874704,0.5461009,0.06886476
mlp_2_0_outputs,9,-0.29329938,0.30627966,-0.21600464
mlp_2_1_outputs,0,-0.28430322,1.3055245,0.37873414
mlp_2_1_outputs,1,0.1265682,0.2849048,0.2248578
mlp_2_1_outputs,10,-0.4049321,-0.4134642,-0.27687827
mlp_2_1_outputs,11,0.5145222,0.24119432,0.43788162
mlp_2_1_outputs,12,0.012336374,0.22614698,0.05767515
mlp_2_1_outputs,13,-0.08242067,-0.14275926,-0.031917963
mlp_2_1_outputs,14,-0.2121802,0.1859179,0.049739018
mlp_2_1_outputs,15,0.19260073,0.15110037,0.1204112
mlp_2_1_outputs,2,-0.0020639407,-0.05767633,0.042261522
mlp_2_1_outputs,3,-0.12111404,0.60316676,0.1519323
mlp_2_1_outputs,4,-0.2167893,0.42995682,-0.09652371
mlp_2_1_outputs,5,0.081453934,0.64397705,0.2108747
mlp_2_1_outputs,6,-0.05862378,0.18395841,0.116349176
mlp_2_1_outputs,7,-0.056091227,0.5057808,0.33043134
mlp_2_1_outputs,8,-0.33247975,-0.25318196,-0.52792186
mlp_2_1_outputs,9,0.03666001,0.2588625,0.11221966
num_attn_0_0_outputs,_,0.2878036,-0.68099004,0.032481406
num_attn_0_1_outputs,_,1.3322709,-2.4004326,0.98186404
num_attn_0_2_outputs,_,0.50054574,0.16136813,-0.13203208
num_attn_0_3_outputs,_,0.98079735,0.026659748,0.5071151
num_attn_0_4_outputs,_,-0.07842216,0.09630372,-0.5338324
num_attn_0_5_outputs,_,1.9087255,-0.60801923,-0.4895839
num_attn_0_6_outputs,_,-0.1576437,-0.028750416,-0.009565364
num_attn_0_7_outputs,_,0.0617393,-1.4931444,1.1669972
num_attn_1_0_outputs,_,-0.7711662,1.0252702,0.16901173
num_attn_1_1_outputs,_,1.8311489,-1.0680386,0.44062498
num_attn_1_2_outputs,_,-0.57599795,0.23635818,-0.20128469
num_attn_1_3_outputs,_,0.30453882,-0.46494198,-0.18357196
num_attn_1_4_outputs,_,1.1217529,-1.7877268,-0.31346062
num_attn_1_5_outputs,_,2.3275142,-1.9075459,-0.4177361
num_attn_1_6_outputs,_,-0.03973534,-0.050974783,-0.12570153
num_attn_1_7_outputs,_,-0.3497398,-0.10649943,-0.21966314
num_attn_2_0_outputs,_,0.14314532,0.24465448,0.36488128
num_attn_2_1_outputs,_,0.38941914,0.07102949,-0.33372977
num_attn_2_2_outputs,_,0.8834078,-0.7807089,-0.39128903
num_attn_2_3_outputs,_,0.17119277,-0.42589843,-0.36406657
num_attn_2_4_outputs,_,-0.08504188,0.4543459,0.21886164
num_attn_2_5_outputs,_,-0.17639849,0.7248528,0.28723648
num_attn_2_6_outputs,_,1.0401114,-0.22185162,0.117269516
num_attn_2_7_outputs,_,-0.5560544,-0.39841288,-0.4936935
num_mlp_0_0_outputs,0,0.45509875,0.36137682,0.47074294
num_mlp_0_0_outputs,1,-0.23898399,0.37023923,0.32000327
num_mlp_0_0_outputs,10,-0.72976726,0.5482762,0.16332686
num_mlp_0_0_outputs,11,-0.4107704,0.42200837,0.032473803
num_mlp_0_0_outputs,12,-0.985394,-0.15695922,-0.5334234
num_mlp_0_0_outputs,13,0.25753453,-0.50676227,-0.14133558
num_mlp_0_0_outputs,14,0.7634416,0.02458733,0.28779
num_mlp_0_0_outputs,15,0.4056849,0.13871606,0.27621493
num_mlp_0_0_outputs,2,-0.19564575,-0.746242,-0.5094775
num_mlp_0_0_outputs,3,-0.5472366,0.0070530353,-0.16257784
num_mlp_0_0_outputs,4,0.1073466,0.7827329,0.69534665
num_mlp_0_0_outputs,5,-0.01454811,-0.82833105,-0.67895216
num_mlp_0_0_outputs,6,-0.43822053,0.8550421,0.30831617
num_mlp_0_0_outputs,7,0.3024812,-0.15029265,0.17823398
num_mlp_0_0_outputs,8,-0.07557709,0.07745426,0.025242427
num_mlp_0_0_outputs,9,0.3705871,1.1150246,1.0231116
num_mlp_0_1_outputs,0,0.24600863,0.7844979,0.14636639
num_mlp_0_1_outputs,1,-0.25872386,0.3545456,-0.4407689
num_mlp_0_1_outputs,10,-0.36266306,0.12883902,-0.449344
num_mlp_0_1_outputs,11,0.036648434,0.7368896,0.23259625
num_mlp_0_1_outputs,12,-0.23966207,0.36399713,-0.46893996
num_mlp_0_1_outputs,13,0.10474423,0.8407838,0.11653365
num_mlp_0_1_outputs,14,-0.1566862,0.25059637,-0.09693443
num_mlp_0_1_outputs,15,-0.050473846,0.5014231,-0.035975475
num_mlp_0_1_outputs,2,-0.40824807,0.31366813,-0.6799942
num_mlp_0_1_outputs,3,0.60914445,1.2969455,0.40206352
num_mlp_0_1_outputs,4,0.094663,0.69788265,-0.19624566
num_mlp_0_1_outputs,5,-0.48479867,-0.07339554,-0.82086
num_mlp_0_1_outputs,6,-0.060295776,0.5017008,-0.2138137
num_mlp_0_1_outputs,7,0.43563068,1.0077823,0.23434998
num_mlp_0_1_outputs,8,-0.29505733,0.38007146,-0.6932772
num_mlp_0_1_outputs,9,-0.011340787,0.56100166,-0.19417354
num_mlp_1_0_outputs,0,-0.12151856,0.36677513,0.3237839
num_mlp_1_0_outputs,1,-0.33740565,0.5099031,0.16938107
num_mlp_1_0_outputs,10,-0.40570694,0.11879428,-0.020478267
num_mlp_1_0_outputs,11,-0.29859444,0.6441838,-0.12509058
num_mlp_1_0_outputs,12,0.0016595739,0.2763082,0.08263956
num_mlp_1_0_outputs,13,-0.45095986,0.47944045,-0.024091909
num_mlp_1_0_outputs,14,-0.24254973,0.4746254,0.21928436
num_mlp_1_0_outputs,15,-0.5872052,-0.07014672,-0.28273046
num_mlp_1_0_outputs,2,-0.44941503,0.10461513,-0.02247899
num_mlp_1_0_outputs,3,-0.5071559,0.40765595,-0.052337106
num_mlp_1_0_outputs,4,0.0193149,0.01664288,0.037179124
num_mlp_1_0_outputs,5,0.079270996,0.8433923,0.56288755
num_mlp_1_0_outputs,6,-0.8358726,-0.16035122,-0.32293025
num_mlp_1_0_outputs,7,-0.81588024,0.06550685,-0.23800828
num_mlp_1_0_outputs,8,-0.14032187,0.4110792,0.3438803
num_mlp_1_0_outputs,9,-0.29070532,0.40160513,0.09173414
num_mlp_1_1_outputs,0,-0.4394835,0.22468385,-0.08306404
num_mlp_1_1_outputs,1,-0.19893827,0.8132375,0.5322129
num_mlp_1_1_outputs,10,-0.28524107,0.6933696,0.2088032
num_mlp_1_1_outputs,11,-0.21818821,0.71383923,0.34719396
num_mlp_1_1_outputs,12,0.046711676,0.71763927,0.39817944
num_mlp_1_1_outputs,13,-0.9023949,-0.13735496,-0.15865034
num_mlp_1_1_outputs,14,-0.7867877,0.10749966,-0.24271618
num_mlp_1_1_outputs,15,-0.51085615,0.4937856,0.05819892
num_mlp_1_1_outputs,2,-0.095528334,0.43667427,0.3412124
num_mlp_1_1_outputs,3,-0.13766217,0.6842654,0.2594562
num_mlp_1_1_outputs,4,-0.2460305,0.5657864,0.41376817
num_mlp_1_1_outputs,5,-0.36908206,0.2682131,-0.038776353
num_mlp_1_1_outputs,6,-0.21765967,0.6853232,0.29366076
num_mlp_1_1_outputs,7,-0.31596142,0.2731082,0.04706881
num_mlp_1_1_outputs,8,0.082854375,0.7199312,0.44027418
num_mlp_1_1_outputs,9,-0.2522222,0.4128707,-0.0046362206
num_mlp_2_0_outputs,0,-0.0036206078,0.7926806,0.31579098
num_mlp_2_0_outputs,1,-0.44584164,0.06929907,-0.15906388
num_mlp_2_0_outputs,10,0.064208955,0.6396289,0.30438662
num_mlp_2_0_outputs,11,0.2359553,0.93794006,0.45638958
num_mlp_2_0_outputs,12,-0.93174905,-0.12128613,-0.5113882
num_mlp_2_0_outputs,13,-0.111688405,0.5551466,0.22034025
num_mlp_2_0_outputs,14,-0.14698336,0.66122025,0.24027525
num_mlp_2_0_outputs,15,-0.28758338,0.4817837,0.3231912
num_mlp_2_0_outputs,2,-0.34540597,0.35649544,-0.12986796
num_mlp_2_0_outputs,3,-0.3207732,0.22474381,-0.075297795
num_mlp_2_0_outputs,4,-0.23837854,0.70586383,0.21756288
num_mlp_2_0_outputs,5,0.036991276,0.84603417,0.4220937
num_mlp_2_0_outputs,6,0.08868496,0.605908,0.34675464
num_mlp_2_0_outputs,7,-0.35697395,0.316381,0.03228936
num_mlp_2_0_outputs,8,-0.55065197,-0.06402524,-0.30248907
num_mlp_2_0_outputs,9,-0.7267051,0.012576415,-0.18956648
num_mlp_2_1_outputs,0,-0.058664534,0.46594238,0.11380025
num_mlp_2_1_outputs,1,-0.40700108,0.4797755,-0.015933825
num_mlp_2_1_outputs,10,-0.6593174,0.14549625,-0.3656069
num_mlp_2_1_outputs,11,-0.08986574,0.6226908,0.27615464
num_mlp_2_1_outputs,12,-0.20560217,0.294285,0.059252173
num_mlp_2_1_outputs,13,0.47855166,1.1699955,0.8158654
num_mlp_2_1_outputs,14,-0.15528041,0.44182852,-0.21155427
num_mlp_2_1_outputs,15,-0.34379956,0.3179018,0.054337434
num_mlp_2_1_outputs,2,-0.87026864,-0.14968544,-0.6438124
num_mlp_2_1_outputs,3,-0.6103892,0.012314614,-0.3776974
num_mlp_2_1_outputs,4,0.08642484,0.67732114,0.33274907
num_mlp_2_1_outputs,5,-0.067519434,0.333172,0.30481085
num_mlp_2_1_outputs,6,-0.19663261,0.66122854,0.23975646
num_mlp_2_1_outputs,7,0.28431344,0.61415356,0.581934
num_mlp_2_1_outputs,8,-0.07510847,0.8515214,0.34258217
num_mlp_2_1_outputs,9,-0.41316518,0.534032,-0.057861965
ones,_,0.09201626,0.4667142,0.33046126
positions,0,-0.20129497,-0.9708737,0.26436958
positions,1,3.4621623,-2.178952,-1.6174535
positions,10,-5.2039,5.667441,0.29410252
positions,11,1.2253478,-0.22399044,-4.97086
positions,12,0.6077591,-1.9165245,3.584084
positions,13,2.1155643,0.19347404,-3.5151625
positions,14,0.8116011,-2.694903,3.1428103
positions,15,2.9737818,-1.9666741,-4.0030084
positions,2,5.1995497,-11.89466,4.7172675
positions,3,3.1055627,-0.20651758,-4.2273617
positions,4,-0.17439994,-1.9918574,3.9703007
positions,5,-2.5006087,4.140895,-4.0311613
positions,6,-3.885228,3.8639638,-0.15944272
positions,7,-1.8489344,3.6329987,-3.0311725
positions,8,-4.7150664,3.2791011,1.520389
positions,9,-2.4012623,3.18084,-3.5514562
tokens,(,1.0530398,0.57802004,-3.6262262
tokens,),-1.5321155,0.66683894,3.1990654
tokens,<pad>,0.33186164,0.23459013,0.3397347
tokens,<s>,0.011553556,-0.16215962,0.6761033
tokens,_,1.3603723,0.4345306,-0.6975746
tokens,_,0.3472585,0.5207539,0.19326507
tokens,_,-0.27793878,-0.4267706,-0.5242193
tokens,_,0.32102197,0.060642958,0.13569163
tokens,_,0.17385663,0.7996624,-0.26436248
tokens,_,0.36184114,-0.57717633,0.009430482
tokens,_,-1.1757727,0.18528135,-0.3764796
tokens,_,0.5205209,-1.2927655,0.04347537
tokens,_,0.93658954,0.42551386,-0.13248427
tokens,_,0.29929313,-0.21264182,0.27627698
tokens,_,0.063944414,-1.244455,-1.0208769
tokens,_,0.15911093,0.56385136,-0.22362225
